outer_fold,inner_repeat,role,target,class,count,source_count,segment_count
0,0,inner_train,chest_resonance,0,71,144,2045
0,0,inner_train,chest_resonance,1,430,144,2045
0,0,inner_train,chest_resonance,2,1241,144,2045
0,0,inner_train,chest_resonance,3,303,144,2045
0,0,inner_train,head_resonance,0,90,144,2045
0,0,inner_train,head_resonance,1,428,144,2045
0,0,inner_train,head_resonance,2,1211,144,2045
0,0,inner_train,head_resonance,3,316,144,2045
0,0,inner_train,front_placement,0,1719,144,2045
0,0,inner_train,front_placement,1,187,144,2045
0,0,inner_train,front_placement,2,139,144,2045
0,0,inner_train,back_placement,0,1673,144,2045
0,0,inner_train,back_placement,1,305,144,2045
0,0,inner_train,back_placement,2,67,144,2045
0,0,inner_train,open_throat,0,1451,144,2045
0,0,inner_train,open_throat,1,439,144,2045
0,0,inner_train,open_throat,2,140,144,2045
0,0,inner_train,open_throat,3,15,144,2045
0,0,inner_train,breathiness,0,1822,144,2045
0,0,inner_train,breathiness,1,223,144,2045
0,0,inner_train,vibrato,0,513,144,2045
0,0,inner_train,vibrato,1,1480,144,2045
0,0,inner_train,vibrato,2,52,144,2045
0,0,inner_dev,chest_resonance,0,15,36,562
0,0,inner_dev,chest_resonance,1,112,36,562
0,0,inner_dev,chest_resonance,2,362,36,562
0,0,inner_dev,chest_resonance,3,73,36,562
0,0,inner_dev,head_resonance,0,21,36,562
0,0,inner_dev,head_resonance,1,99,36,562
0,0,inner_dev,head_resonance,2,354,36,562
0,0,inner_dev,head_resonance,3,88,36,562
0,0,inner_dev,front_placement,0,472,36,562
0,0,inner_dev,front_placement,1,54,36,562
0,0,inner_dev,front_placement,2,36,36,562
0,0,inner_dev,back_placement,0,438,36,562
0,0,inner_dev,back_placement,1,105,36,562
0,0,inner_dev,back_placement,2,19,36,562
0,0,inner_dev,open_throat,0,406,36,562
0,0,inner_dev,open_throat,1,121,36,562
0,0,inner_dev,open_throat,2,32,36,562
0,0,inner_dev,open_throat,3,3,36,562
0,0,inner_dev,breathiness,0,498,36,562
0,0,inner_dev,breathiness,1,64,36,562
0,0,inner_dev,vibrato,0,133,36,562
0,0,inner_dev,vibrato,1,417,36,562
0,0,inner_dev,vibrato,2,12,36,562
0,0,outer_test,chest_resonance,0,26,47,849
0,0,outer_test,chest_resonance,1,216,47,849
0,0,outer_test,chest_resonance,2,493,47,849
0,0,outer_test,chest_resonance,3,114,47,849
0,0,outer_test,head_resonance,0,34,47,849
0,0,outer_test,head_resonance,1,246,47,849
0,0,outer_test,head_resonance,2,447,47,849
0,0,outer_test,head_resonance,3,122,47,849
0,0,outer_test,front_placement,0,614,47,849
0,0,outer_test,front_placement,1,142,47,849
0,0,outer_test,front_placement,2,93,47,849
0,0,outer_test,back_placement,0,586,47,849
0,0,outer_test,back_placement,1,221,47,849
0,0,outer_test,back_placement,2,42,47,849
0,0,outer_test,open_throat,0,545,47,849
0,0,outer_test,open_throat,1,149,47,849
0,0,outer_test,open_throat,2,119,47,849
0,0,outer_test,open_throat,3,36,47,849
0,0,outer_test,breathiness,0,741,47,849
0,0,outer_test,breathiness,1,108,47,849
0,0,outer_test,vibrato,0,271,47,849
0,0,outer_test,vibrato,1,527,47,849
0,0,outer_test,vibrato,2,51,47,849
0,1,inner_train,chest_resonance,0,70,144,2070
0,1,inner_train,chest_resonance,1,415,144,2070
0,1,inner_train,chest_resonance,2,1275,144,2070
0,1,inner_train,chest_resonance,3,310,144,2070
0,1,inner_train,head_resonance,0,89,144,2070
0,1,inner_train,head_resonance,1,417,144,2070
0,1,inner_train,head_resonance,2,1241,144,2070
0,1,inner_train,head_resonance,3,323,144,2070
0,1,inner_train,front_placement,0,1742,144,2070
0,1,inner_train,front_placement,1,193,144,2070
0,1,inner_train,front_placement,2,135,144,2070
0,1,inner_train,back_placement,0,1679,144,2070
0,1,inner_train,back_placement,1,326,144,2070
0,1,inner_train,back_placement,2,65,144,2070
0,1,inner_train,open_throat,0,1470,144,2070
0,1,inner_train,open_throat,1,448,144,2070
0,1,inner_train,open_throat,2,139,144,2070
0,1,inner_train,open_throat,3,13,144,2070
0,1,inner_train,breathiness,0,1834,144,2070
0,1,inner_train,breathiness,1,236,144,2070
0,1,inner_train,vibrato,0,515,144,2070
0,1,inner_train,vibrato,1,1505,144,2070
0,1,inner_train,vibrato,2,50,144,2070
0,1,inner_dev,chest_resonance,0,16,36,537
0,1,inner_dev,chest_resonance,1,127,36,537
0,1,inner_dev,chest_resonance,2,328,36,537
0,1,inner_dev,chest_resonance,3,66,36,537
0,1,inner_dev,head_resonance,0,22,36,537
0,1,inner_dev,head_resonance,1,110,36,537
0,1,inner_dev,head_resonance,2,324,36,537
0,1,inner_dev,head_resonance,3,81,36,537
0,1,inner_dev,front_placement,0,449,36,537
0,1,inner_dev,front_placement,1,48,36,537
0,1,inner_dev,front_placement,2,40,36,537
0,1,inner_dev,back_placement,0,432,36,537
0,1,inner_dev,back_placement,1,84,36,537
0,1,inner_dev,back_placement,2,21,36,537
0,1,inner_dev,open_throat,0,387,36,537
0,1,inner_dev,open_throat,1,112,36,537
0,1,inner_dev,open_throat,2,33,36,537
0,1,inner_dev,open_throat,3,5,36,537
0,1,inner_dev,breathiness,0,486,36,537
0,1,inner_dev,breathiness,1,51,36,537
0,1,inner_dev,vibrato,0,131,36,537
0,1,inner_dev,vibrato,1,392,36,537
0,1,inner_dev,vibrato,2,14,36,537
0,1,outer_test,chest_resonance,0,26,47,849
0,1,outer_test,chest_resonance,1,216,47,849
0,1,outer_test,chest_resonance,2,493,47,849
0,1,outer_test,chest_resonance,3,114,47,849
0,1,outer_test,head_resonance,0,34,47,849
0,1,outer_test,head_resonance,1,246,47,849
0,1,outer_test,head_resonance,2,447,47,849
0,1,outer_test,head_resonance,3,122,47,849
0,1,outer_test,front_placement,0,614,47,849
0,1,outer_test,front_placement,1,142,47,849
0,1,outer_test,front_placement,2,93,47,849
0,1,outer_test,back_placement,0,586,47,849
0,1,outer_test,back_placement,1,221,47,849
0,1,outer_test,back_placement,2,42,47,849
0,1,outer_test,open_throat,0,545,47,849
0,1,outer_test,open_throat,1,149,47,849
0,1,outer_test,open_throat,2,119,47,849
0,1,outer_test,open_throat,3,36,47,849
0,1,outer_test,breathiness,0,741,47,849
0,1,outer_test,breathiness,1,108,47,849
0,1,outer_test,vibrato,0,271,47,849
0,1,outer_test,vibrato,1,527,47,849
0,1,outer_test,vibrato,2,51,47,849
0,2,inner_train,chest_resonance,0,63,144,2048
0,2,inner_train,chest_resonance,1,419,144,2048
0,2,inner_train,chest_resonance,2,1275,144,2048
0,2,inner_train,chest_resonance,3,291,144,2048
0,2,inner_train,head_resonance,0,86,144,2048
0,2,inner_train,head_resonance,1,427,144,2048
0,2,inner_train,head_resonance,2,1233,144,2048
0,2,inner_train,head_resonance,3,302,144,2048
0,2,inner_train,front_placement,0,1715,144,2048
0,2,inner_train,front_placement,1,196,144,2048
0,2,inner_train,front_placement,2,137,144,2048
0,2,inner_train,back_placement,0,1659,144,2048
0,2,inner_train,back_placement,1,323,144,2048
0,2,inner_train,back_placement,2,66,144,2048
0,2,inner_train,open_throat,0,1458,144,2048
0,2,inner_train,open_throat,1,443,144,2048
0,2,inner_train,open_throat,2,134,144,2048
0,2,inner_train,open_throat,3,13,144,2048
0,2,inner_train,breathiness,0,1820,144,2048
0,2,inner_train,breathiness,1,228,144,2048
0,2,inner_train,vibrato,0,509,144,2048
0,2,inner_train,vibrato,1,1484,144,2048
0,2,inner_train,vibrato,2,55,144,2048
0,2,inner_dev,chest_resonance,0,23,36,559
0,2,inner_dev,chest_resonance,1,123,36,559
0,2,inner_dev,chest_resonance,2,328,36,559
0,2,inner_dev,chest_resonance,3,85,36,559
0,2,inner_dev,head_resonance,0,25,36,559
0,2,inner_dev,head_resonance,1,100,36,559
0,2,inner_dev,head_resonance,2,332,36,559
0,2,inner_dev,head_resonance,3,102,36,559
0,2,inner_dev,front_placement,0,476,36,559
0,2,inner_dev,front_placement,1,45,36,559
0,2,inner_dev,front_placement,2,38,36,559
0,2,inner_dev,back_placement,0,452,36,559
0,2,inner_dev,back_placement,1,87,36,559
0,2,inner_dev,back_placement,2,20,36,559
0,2,inner_dev,open_throat,0,399,36,559
0,2,inner_dev,open_throat,1,117,36,559
0,2,inner_dev,open_throat,2,38,36,559
0,2,inner_dev,open_throat,3,5,36,559
0,2,inner_dev,breathiness,0,500,36,559
0,2,inner_dev,breathiness,1,59,36,559
0,2,inner_dev,vibrato,0,137,36,559
0,2,inner_dev,vibrato,1,413,36,559
0,2,inner_dev,vibrato,2,9,36,559
0,2,outer_test,chest_resonance,0,26,47,849
0,2,outer_test,chest_resonance,1,216,47,849
0,2,outer_test,chest_resonance,2,493,47,849
0,2,outer_test,chest_resonance,3,114,47,849
0,2,outer_test,head_resonance,0,34,47,849
0,2,outer_test,head_resonance,1,246,47,849
0,2,outer_test,head_resonance,2,447,47,849
0,2,outer_test,head_resonance,3,122,47,849
0,2,outer_test,front_placement,0,614,47,849
0,2,outer_test,front_placement,1,142,47,849
0,2,outer_test,front_placement,2,93,47,849
0,2,outer_test,back_placement,0,586,47,849
0,2,outer_test,back_placement,1,221,47,849
0,2,outer_test,back_placement,2,42,47,849
0,2,outer_test,open_throat,0,545,47,849
0,2,outer_test,open_throat,1,149,47,849
0,2,outer_test,open_throat,2,119,47,849
0,2,outer_test,open_throat,3,36,47,849
0,2,outer_test,breathiness,0,741,47,849
0,2,outer_test,breathiness,1,108,47,849
0,2,outer_test,vibrato,0,271,47,849
0,2,outer_test,vibrato,1,527,47,849
0,2,outer_test,vibrato,2,51,47,849
0,3,inner_train,chest_resonance,0,67,144,2053
0,3,inner_train,chest_resonance,1,436,144,2053
0,3,inner_train,chest_resonance,2,1261,144,2053
0,3,inner_train,chest_resonance,3,289,144,2053
0,3,inner_train,head_resonance,0,82,144,2053
0,3,inner_train,head_resonance,1,414,144,2053
0,3,inner_train,head_resonance,2,1233,144,2053
0,3,inner_train,head_resonance,3,324,144,2053
0,3,inner_train,front_placement,0,1736,144,2053
0,3,inner_train,front_placement,1,179,144,2053
0,3,inner_train,front_placement,2,138,144,2053
0,3,inner_train,back_placement,0,1650,144,2053
0,3,inner_train,back_placement,1,324,144,2053
0,3,inner_train,back_placement,2,79,144,2053
0,3,inner_train,open_throat,0,1448,144,2053
0,3,inner_train,open_throat,1,452,144,2053
0,3,inner_train,open_throat,2,138,144,2053
0,3,inner_train,open_throat,3,15,144,2053
0,3,inner_train,breathiness,0,1835,144,2053
0,3,inner_train,breathiness,1,218,144,2053
0,3,inner_train,vibrato,0,499,144,2053
0,3,inner_train,vibrato,1,1502,144,2053
0,3,inner_train,vibrato,2,52,144,2053
0,3,inner_dev,chest_resonance,0,19,36,554
0,3,inner_dev,chest_resonance,1,106,36,554
0,3,inner_dev,chest_resonance,2,342,36,554
0,3,inner_dev,chest_resonance,3,87,36,554
0,3,inner_dev,head_resonance,0,29,36,554
0,3,inner_dev,head_resonance,1,113,36,554
0,3,inner_dev,head_resonance,2,332,36,554
0,3,inner_dev,head_resonance,3,80,36,554
0,3,inner_dev,front_placement,0,455,36,554
0,3,inner_dev,front_placement,1,62,36,554
0,3,inner_dev,front_placement,2,37,36,554
0,3,inner_dev,back_placement,0,461,36,554
0,3,inner_dev,back_placement,1,86,36,554
0,3,inner_dev,back_placement,2,7,36,554
0,3,inner_dev,open_throat,0,409,36,554
0,3,inner_dev,open_throat,1,108,36,554
0,3,inner_dev,open_throat,2,34,36,554
0,3,inner_dev,open_throat,3,3,36,554
0,3,inner_dev,breathiness,0,485,36,554
0,3,inner_dev,breathiness,1,69,36,554
0,3,inner_dev,vibrato,0,147,36,554
0,3,inner_dev,vibrato,1,395,36,554
0,3,inner_dev,vibrato,2,12,36,554
0,3,outer_test,chest_resonance,0,26,47,849
0,3,outer_test,chest_resonance,1,216,47,849
0,3,outer_test,chest_resonance,2,493,47,849
0,3,outer_test,chest_resonance,3,114,47,849
0,3,outer_test,head_resonance,0,34,47,849
0,3,outer_test,head_resonance,1,246,47,849
0,3,outer_test,head_resonance,2,447,47,849
0,3,outer_test,head_resonance,3,122,47,849
0,3,outer_test,front_placement,0,614,47,849
0,3,outer_test,front_placement,1,142,47,849
0,3,outer_test,front_placement,2,93,47,849
0,3,outer_test,back_placement,0,586,47,849
0,3,outer_test,back_placement,1,221,47,849
0,3,outer_test,back_placement,2,42,47,849
0,3,outer_test,open_throat,0,545,47,849
0,3,outer_test,open_throat,1,149,47,849
0,3,outer_test,open_throat,2,119,47,849
0,3,outer_test,open_throat,3,36,47,849
0,3,outer_test,breathiness,0,741,47,849
0,3,outer_test,breathiness,1,108,47,849
0,3,outer_test,vibrato,0,271,47,849
0,3,outer_test,vibrato,1,527,47,849
0,3,outer_test,vibrato,2,51,47,849
0,4,inner_train,chest_resonance,0,71,144,2056
0,4,inner_train,chest_resonance,1,418,144,2056
0,4,inner_train,chest_resonance,2,1266,144,2056
0,4,inner_train,chest_resonance,3,301,144,2056
0,4,inner_train,head_resonance,0,89,144,2056
0,4,inner_train,head_resonance,1,424,144,2056
0,4,inner_train,head_resonance,2,1231,144,2056
0,4,inner_train,head_resonance,3,312,144,2056
0,4,inner_train,front_placement,0,1718,144,2056
0,4,inner_train,front_placement,1,205,144,2056
0,4,inner_train,front_placement,2,133,144,2056
0,4,inner_train,back_placement,0,1656,144,2056
0,4,inner_train,back_placement,1,332,144,2056
0,4,inner_train,back_placement,2,68,144,2056
0,4,inner_train,open_throat,0,1474,144,2056
0,4,inner_train,open_throat,1,435,144,2056
0,4,inner_train,open_throat,2,131,144,2056
0,4,inner_train,open_throat,3,16,144,2056
0,4,inner_train,breathiness,0,1834,144,2056
0,4,inner_train,breathiness,1,222,144,2056
0,4,inner_train,vibrato,0,493,144,2056
0,4,inner_train,vibrato,1,1506,144,2056
0,4,inner_train,vibrato,2,57,144,2056
0,4,inner_dev,chest_resonance,0,15,36,551
0,4,inner_dev,chest_resonance,1,124,36,551
0,4,inner_dev,chest_resonance,2,337,36,551
0,4,inner_dev,chest_resonance,3,75,36,551
0,4,inner_dev,head_resonance,0,22,36,551
0,4,inner_dev,head_resonance,1,103,36,551
0,4,inner_dev,head_resonance,2,334,36,551
0,4,inner_dev,head_resonance,3,92,36,551
0,4,inner_dev,front_placement,0,473,36,551
0,4,inner_dev,front_placement,1,36,36,551
0,4,inner_dev,front_placement,2,42,36,551
0,4,inner_dev,back_placement,0,455,36,551
0,4,inner_dev,back_placement,1,78,36,551
0,4,inner_dev,back_placement,2,18,36,551
0,4,inner_dev,open_throat,0,383,36,551
0,4,inner_dev,open_throat,1,125,36,551
0,4,inner_dev,open_throat,2,41,36,551
0,4,inner_dev,open_throat,3,2,36,551
0,4,inner_dev,breathiness,0,486,36,551
0,4,inner_dev,breathiness,1,65,36,551
0,4,inner_dev,vibrato,0,153,36,551
0,4,inner_dev,vibrato,1,391,36,551
0,4,inner_dev,vibrato,2,7,36,551
0,4,outer_test,chest_resonance,0,26,47,849
0,4,outer_test,chest_resonance,1,216,47,849
0,4,outer_test,chest_resonance,2,493,47,849
0,4,outer_test,chest_resonance,3,114,47,849
0,4,outer_test,head_resonance,0,34,47,849
0,4,outer_test,head_resonance,1,246,47,849
0,4,outer_test,head_resonance,2,447,47,849
0,4,outer_test,head_resonance,3,122,47,849
0,4,outer_test,front_placement,0,614,47,849
0,4,outer_test,front_placement,1,142,47,849
0,4,outer_test,front_placement,2,93,47,849
0,4,outer_test,back_placement,0,586,47,849
0,4,outer_test,back_placement,1,221,47,849
0,4,outer_test,back_placement,2,42,47,849
0,4,outer_test,open_throat,0,545,47,849
0,4,outer_test,open_throat,1,149,47,849
0,4,outer_test,open_throat,2,119,47,849
0,4,outer_test,open_throat,3,36,47,849
0,4,outer_test,breathiness,0,741,47,849
0,4,outer_test,breathiness,1,108,47,849
0,4,outer_test,vibrato,0,271,47,849
0,4,outer_test,vibrato,1,527,47,849
0,4,outer_test,vibrato,2,51,47,849
1,0,inner_train,chest_resonance,0,86,164,2542
1,0,inner_train,chest_resonance,1,542,164,2542
1,0,inner_train,chest_resonance,2,1591,164,2542
1,0,inner_train,chest_resonance,3,323,164,2542
1,0,inner_train,head_resonance,0,114,164,2542
1,0,inner_train,head_resonance,1,572,164,2542
1,0,inner_train,head_resonance,2,1505,164,2542
1,0,inner_train,head_resonance,3,351,164,2542
1,0,inner_train,front_placement,0,2098,164,2542
1,0,inner_train,front_placement,1,263,164,2542
1,0,inner_train,front_placement,2,181,164,2542
1,0,inner_train,back_placement,0,2019,164,2542
1,0,inner_train,back_placement,1,441,164,2542
1,0,inner_train,back_placement,2,82,164,2542
1,0,inner_train,open_throat,0,1806,164,2542
1,0,inner_train,open_throat,1,502,164,2542
1,0,inner_train,open_throat,2,190,164,2542
1,0,inner_train,open_throat,3,44,164,2542
1,0,inner_train,breathiness,0,2283,164,2542
1,0,inner_train,breathiness,1,259,164,2542
1,0,inner_train,vibrato,0,677,164,2542
1,0,inner_train,vibrato,1,1773,164,2542
1,0,inner_train,vibrato,2,92,164,2542
1,0,inner_dev,chest_resonance,0,24,41,631
1,0,inner_dev,chest_resonance,1,147,41,631
1,0,inner_dev,chest_resonance,2,390,41,631
1,0,inner_dev,chest_resonance,3,70,41,631
1,0,inner_dev,head_resonance,0,31,41,631
1,0,inner_dev,head_resonance,1,158,41,631
1,0,inner_dev,head_resonance,2,357,41,631
1,0,inner_dev,head_resonance,3,85,41,631
1,0,inner_dev,front_placement,0,524,41,631
1,0,inner_dev,front_placement,1,59,41,631
1,0,inner_dev,front_placement,2,48,41,631
1,0,inner_dev,back_placement,0,493,41,631
1,0,inner_dev,back_placement,1,115,41,631
1,0,inner_dev,back_placement,2,23,41,631
1,0,inner_dev,open_throat,0,449,41,631
1,0,inner_dev,open_throat,1,116,41,631
1,0,inner_dev,open_throat,2,61,41,631
1,0,inner_dev,open_throat,3,5,41,631
1,0,inner_dev,breathiness,0,574,41,631
1,0,inner_dev,breathiness,1,57,41,631
1,0,inner_dev,vibrato,0,175,41,631
1,0,inner_dev,vibrato,1,436,41,631
1,0,inner_dev,vibrato,2,20,41,631
1,0,outer_test,chest_resonance,0,2,22,283
1,0,outer_test,chest_resonance,1,69,22,283
1,0,outer_test,chest_resonance,2,115,22,283
1,0,outer_test,chest_resonance,3,97,22,283
1,0,outer_test,head_resonance,0,0,22,283
1,0,outer_test,head_resonance,1,43,22,283
1,0,outer_test,head_resonance,2,150,22,283
1,0,outer_test,head_resonance,3,90,22,283
1,0,outer_test,front_placement,0,183,22,283
1,0,outer_test,front_placement,1,61,22,283
1,0,outer_test,front_placement,2,39,22,283
1,0,outer_test,back_placement,0,185,22,283
1,0,outer_test,back_placement,1,75,22,283
1,0,outer_test,back_placement,2,23,22,283
1,0,outer_test,open_throat,0,147,22,283
1,0,outer_test,open_throat,1,91,22,283
1,0,outer_test,open_throat,2,40,22,283
1,0,outer_test,open_throat,3,5,22,283
1,0,outer_test,breathiness,0,204,22,283
1,0,outer_test,breathiness,1,79,22,283
1,0,outer_test,vibrato,0,65,22,283
1,0,outer_test,vibrato,1,215,22,283
1,0,outer_test,vibrato,2,3,22,283
1,1,inner_train,chest_resonance,0,87,164,2542
1,1,inner_train,chest_resonance,1,546,164,2542
1,1,inner_train,chest_resonance,2,1586,164,2542
1,1,inner_train,chest_resonance,3,323,164,2542
1,1,inner_train,head_resonance,0,113,164,2542
1,1,inner_train,head_resonance,1,610,164,2542
1,1,inner_train,head_resonance,2,1481,164,2542
1,1,inner_train,head_resonance,3,338,164,2542
1,1,inner_train,front_placement,0,2109,164,2542
1,1,inner_train,front_placement,1,253,164,2542
1,1,inner_train,front_placement,2,180,164,2542
1,1,inner_train,back_placement,0,2013,164,2542
1,1,inner_train,back_placement,1,450,164,2542
1,1,inner_train,back_placement,2,79,164,2542
1,1,inner_train,open_throat,0,1805,164,2542
1,1,inner_train,open_throat,1,490,164,2542
1,1,inner_train,open_throat,2,210,164,2542
1,1,inner_train,open_throat,3,37,164,2542
1,1,inner_train,breathiness,0,2287,164,2542
1,1,inner_train,breathiness,1,255,164,2542
1,1,inner_train,vibrato,0,677,164,2542
1,1,inner_train,vibrato,1,1771,164,2542
1,1,inner_train,vibrato,2,94,164,2542
1,1,inner_dev,chest_resonance,0,23,41,631
1,1,inner_dev,chest_resonance,1,143,41,631
1,1,inner_dev,chest_resonance,2,395,41,631
1,1,inner_dev,chest_resonance,3,70,41,631
1,1,inner_dev,head_resonance,0,32,41,631
1,1,inner_dev,head_resonance,1,120,41,631
1,1,inner_dev,head_resonance,2,381,41,631
1,1,inner_dev,head_resonance,3,98,41,631
1,1,inner_dev,front_placement,0,513,41,631
1,1,inner_dev,front_placement,1,69,41,631
1,1,inner_dev,front_placement,2,49,41,631
1,1,inner_dev,back_placement,0,499,41,631
1,1,inner_dev,back_placement,1,106,41,631
1,1,inner_dev,back_placement,2,26,41,631
1,1,inner_dev,open_throat,0,450,41,631
1,1,inner_dev,open_throat,1,128,41,631
1,1,inner_dev,open_throat,2,41,41,631
1,1,inner_dev,open_throat,3,12,41,631
1,1,inner_dev,breathiness,0,570,41,631
1,1,inner_dev,breathiness,1,61,41,631
1,1,inner_dev,vibrato,0,175,41,631
1,1,inner_dev,vibrato,1,438,41,631
1,1,inner_dev,vibrato,2,18,41,631
1,1,outer_test,chest_resonance,0,2,22,283
1,1,outer_test,chest_resonance,1,69,22,283
1,1,outer_test,chest_resonance,2,115,22,283
1,1,outer_test,chest_resonance,3,97,22,283
1,1,outer_test,head_resonance,0,0,22,283
1,1,outer_test,head_resonance,1,43,22,283
1,1,outer_test,head_resonance,2,150,22,283
1,1,outer_test,head_resonance,3,90,22,283
1,1,outer_test,front_placement,0,183,22,283
1,1,outer_test,front_placement,1,61,22,283
1,1,outer_test,front_placement,2,39,22,283
1,1,outer_test,back_placement,0,185,22,283
1,1,outer_test,back_placement,1,75,22,283
1,1,outer_test,back_placement,2,23,22,283
1,1,outer_test,open_throat,0,147,22,283
1,1,outer_test,open_throat,1,91,22,283
1,1,outer_test,open_throat,2,40,22,283
1,1,outer_test,open_throat,3,5,22,283
1,1,outer_test,breathiness,0,204,22,283
1,1,outer_test,breathiness,1,79,22,283
1,1,outer_test,vibrato,0,65,22,283
1,1,outer_test,vibrato,1,215,22,283
1,1,outer_test,vibrato,2,3,22,283
1,2,inner_train,chest_resonance,0,91,164,2557
1,2,inner_train,chest_resonance,1,568,164,2557
1,2,inner_train,chest_resonance,2,1587,164,2557
1,2,inner_train,chest_resonance,3,311,164,2557
1,2,inner_train,head_resonance,0,117,164,2557
1,2,inner_train,head_resonance,1,587,164,2557
1,2,inner_train,head_resonance,2,1506,164,2557
1,2,inner_train,head_resonance,3,347,164,2557
1,2,inner_train,front_placement,0,2116,164,2557
1,2,inner_train,front_placement,1,255,164,2557
1,2,inner_train,front_placement,2,186,164,2557
1,2,inner_train,back_placement,0,2021,164,2557
1,2,inner_train,back_placement,1,458,164,2557
1,2,inner_train,back_placement,2,78,164,2557
1,2,inner_train,open_throat,0,1823,164,2557
1,2,inner_train,open_throat,1,497,164,2557
1,2,inner_train,open_throat,2,197,164,2557
1,2,inner_train,open_throat,3,40,164,2557
1,2,inner_train,breathiness,0,2312,164,2557
1,2,inner_train,breathiness,1,245,164,2557
1,2,inner_train,vibrato,0,667,164,2557
1,2,inner_train,vibrato,1,1790,164,2557
1,2,inner_train,vibrato,2,100,164,2557
1,2,inner_dev,chest_resonance,0,19,41,616
1,2,inner_dev,chest_resonance,1,121,41,616
1,2,inner_dev,chest_resonance,2,394,41,616
1,2,inner_dev,chest_resonance,3,82,41,616
1,2,inner_dev,head_resonance,0,28,41,616
1,2,inner_dev,head_resonance,1,143,41,616
1,2,inner_dev,head_resonance,2,356,41,616
1,2,inner_dev,head_resonance,3,89,41,616
1,2,inner_dev,front_placement,0,506,41,616
1,2,inner_dev,front_placement,1,67,41,616
1,2,inner_dev,front_placement,2,43,41,616
1,2,inner_dev,back_placement,0,491,41,616
1,2,inner_dev,back_placement,1,98,41,616
1,2,inner_dev,back_placement,2,27,41,616
1,2,inner_dev,open_throat,0,432,41,616
1,2,inner_dev,open_throat,1,121,41,616
1,2,inner_dev,open_throat,2,54,41,616
1,2,inner_dev,open_throat,3,9,41,616
1,2,inner_dev,breathiness,0,545,41,616
1,2,inner_dev,breathiness,1,71,41,616
1,2,inner_dev,vibrato,0,185,41,616
1,2,inner_dev,vibrato,1,419,41,616
1,2,inner_dev,vibrato,2,12,41,616
1,2,outer_test,chest_resonance,0,2,22,283
1,2,outer_test,chest_resonance,1,69,22,283
1,2,outer_test,chest_resonance,2,115,22,283
1,2,outer_test,chest_resonance,3,97,22,283
1,2,outer_test,head_resonance,0,0,22,283
1,2,outer_test,head_resonance,1,43,22,283
1,2,outer_test,head_resonance,2,150,22,283
1,2,outer_test,head_resonance,3,90,22,283
1,2,outer_test,front_placement,0,183,22,283
1,2,outer_test,front_placement,1,61,22,283
1,2,outer_test,front_placement,2,39,22,283
1,2,outer_test,back_placement,0,185,22,283
1,2,outer_test,back_placement,1,75,22,283
1,2,outer_test,back_placement,2,23,22,283
1,2,outer_test,open_throat,0,147,22,283
1,2,outer_test,open_throat,1,91,22,283
1,2,outer_test,open_throat,2,40,22,283
1,2,outer_test,open_throat,3,5,22,283
1,2,outer_test,breathiness,0,204,22,283
1,2,outer_test,breathiness,1,79,22,283
1,2,outer_test,vibrato,0,65,22,283
1,2,outer_test,vibrato,1,215,22,283
1,2,outer_test,vibrato,2,3,22,283
1,3,inner_train,chest_resonance,0,94,164,2549
1,3,inner_train,chest_resonance,1,554,164,2549
1,3,inner_train,chest_resonance,2,1583,164,2549
1,3,inner_train,chest_resonance,3,318,164,2549
1,3,inner_train,head_resonance,0,124,164,2549
1,3,inner_train,head_resonance,1,603,164,2549
1,3,inner_train,head_resonance,2,1491,164,2549
1,3,inner_train,head_resonance,3,331,164,2549
1,3,inner_train,front_placement,0,2108,164,2549
1,3,inner_train,front_placement,1,261,164,2549
1,3,inner_train,front_placement,2,180,164,2549
1,3,inner_train,back_placement,0,2015,164,2549
1,3,inner_train,back_placement,1,455,164,2549
1,3,inner_train,back_placement,2,79,164,2549
1,3,inner_train,open_throat,0,1815,164,2549
1,3,inner_train,open_throat,1,494,164,2549
1,3,inner_train,open_throat,2,203,164,2549
1,3,inner_train,open_throat,3,37,164,2549
1,3,inner_train,breathiness,0,2295,164,2549
1,3,inner_train,breathiness,1,254,164,2549
1,3,inner_train,vibrato,0,685,164,2549
1,3,inner_train,vibrato,1,1768,164,2549
1,3,inner_train,vibrato,2,96,164,2549
1,3,inner_dev,chest_resonance,0,16,41,624
1,3,inner_dev,chest_resonance,1,135,41,624
1,3,inner_dev,chest_resonance,2,398,41,624
1,3,inner_dev,chest_resonance,3,75,41,624
1,3,inner_dev,head_resonance,0,21,41,624
1,3,inner_dev,head_resonance,1,127,41,624
1,3,inner_dev,head_resonance,2,371,41,624
1,3,inner_dev,head_resonance,3,105,41,624
1,3,inner_dev,front_placement,0,514,41,624
1,3,inner_dev,front_placement,1,61,41,624
1,3,inner_dev,front_placement,2,49,41,624
1,3,inner_dev,back_placement,0,497,41,624
1,3,inner_dev,back_placement,1,101,41,624
1,3,inner_dev,back_placement,2,26,41,624
1,3,inner_dev,open_throat,0,440,41,624
1,3,inner_dev,open_throat,1,124,41,624
1,3,inner_dev,open_throat,2,48,41,624
1,3,inner_dev,open_throat,3,12,41,624
1,3,inner_dev,breathiness,0,562,41,624
1,3,inner_dev,breathiness,1,62,41,624
1,3,inner_dev,vibrato,0,167,41,624
1,3,inner_dev,vibrato,1,441,41,624
1,3,inner_dev,vibrato,2,16,41,624
1,3,outer_test,chest_resonance,0,2,22,283
1,3,outer_test,chest_resonance,1,69,22,283
1,3,outer_test,chest_resonance,2,115,22,283
1,3,outer_test,chest_resonance,3,97,22,283
1,3,outer_test,head_resonance,0,0,22,283
1,3,outer_test,head_resonance,1,43,22,283
1,3,outer_test,head_resonance,2,150,22,283
1,3,outer_test,head_resonance,3,90,22,283
1,3,outer_test,front_placement,0,183,22,283
1,3,outer_test,front_placement,1,61,22,283
1,3,outer_test,front_placement,2,39,22,283
1,3,outer_test,back_placement,0,185,22,283
1,3,outer_test,back_placement,1,75,22,283
1,3,outer_test,back_placement,2,23,22,283
1,3,outer_test,open_throat,0,147,22,283
1,3,outer_test,open_throat,1,91,22,283
1,3,outer_test,open_throat,2,40,22,283
1,3,outer_test,open_throat,3,5,22,283
1,3,outer_test,breathiness,0,204,22,283
1,3,outer_test,breathiness,1,79,22,283
1,3,outer_test,vibrato,0,65,22,283
1,3,outer_test,vibrato,1,215,22,283
1,3,outer_test,vibrato,2,3,22,283
1,4,inner_train,chest_resonance,0,89,164,2537
1,4,inner_train,chest_resonance,1,542,164,2537
1,4,inner_train,chest_resonance,2,1585,164,2537
1,4,inner_train,chest_resonance,3,321,164,2537
1,4,inner_train,head_resonance,0,109,164,2537
1,4,inner_train,head_resonance,1,586,164,2537
1,4,inner_train,head_resonance,2,1490,164,2537
1,4,inner_train,head_resonance,3,352,164,2537
1,4,inner_train,front_placement,0,2104,164,2537
1,4,inner_train,front_placement,1,255,164,2537
1,4,inner_train,front_placement,2,178,164,2537
1,4,inner_train,back_placement,0,2011,164,2537
1,4,inner_train,back_placement,1,445,164,2537
1,4,inner_train,back_placement,2,81,164,2537
1,4,inner_train,open_throat,0,1781,164,2537
1,4,inner_train,open_throat,1,501,164,2537
1,4,inner_train,open_throat,2,212,164,2537
1,4,inner_train,open_throat,3,43,164,2537
1,4,inner_train,breathiness,0,2278,164,2537
1,4,inner_train,breathiness,1,259,164,2537
1,4,inner_train,vibrato,0,682,164,2537
1,4,inner_train,vibrato,1,1754,164,2537
1,4,inner_train,vibrato,2,101,164,2537
1,4,inner_dev,chest_resonance,0,21,41,636
1,4,inner_dev,chest_resonance,1,147,41,636
1,4,inner_dev,chest_resonance,2,396,41,636
1,4,inner_dev,chest_resonance,3,72,41,636
1,4,inner_dev,head_resonance,0,36,41,636
1,4,inner_dev,head_resonance,1,144,41,636
1,4,inner_dev,head_resonance,2,372,41,636
1,4,inner_dev,head_resonance,3,84,41,636
1,4,inner_dev,front_placement,0,518,41,636
1,4,inner_dev,front_placement,1,67,41,636
1,4,inner_dev,front_placement,2,51,41,636
1,4,inner_dev,back_placement,0,501,41,636
1,4,inner_dev,back_placement,1,111,41,636
1,4,inner_dev,back_placement,2,24,41,636
1,4,inner_dev,open_throat,0,474,41,636
1,4,inner_dev,open_throat,1,117,41,636
1,4,inner_dev,open_throat,2,39,41,636
1,4,inner_dev,open_throat,3,6,41,636
1,4,inner_dev,breathiness,0,579,41,636
1,4,inner_dev,breathiness,1,57,41,636
1,4,inner_dev,vibrato,0,170,41,636
1,4,inner_dev,vibrato,1,455,41,636
1,4,inner_dev,vibrato,2,11,41,636
1,4,outer_test,chest_resonance,0,2,22,283
1,4,outer_test,chest_resonance,1,69,22,283
1,4,outer_test,chest_resonance,2,115,22,283
1,4,outer_test,chest_resonance,3,97,22,283
1,4,outer_test,head_resonance,0,0,22,283
1,4,outer_test,head_resonance,1,43,22,283
1,4,outer_test,head_resonance,2,150,22,283
1,4,outer_test,head_resonance,3,90,22,283
1,4,outer_test,front_placement,0,183,22,283
1,4,outer_test,front_placement,1,61,22,283
1,4,outer_test,front_placement,2,39,22,283
1,4,outer_test,back_placement,0,185,22,283
1,4,outer_test,back_placement,1,75,22,283
1,4,outer_test,back_placement,2,23,22,283
1,4,outer_test,open_throat,0,147,22,283
1,4,outer_test,open_throat,1,91,22,283
1,4,outer_test,open_throat,2,40,22,283
1,4,outer_test,open_throat,3,5,22,283
1,4,outer_test,breathiness,0,204,22,283
1,4,outer_test,breathiness,1,79,22,283
1,4,outer_test,vibrato,0,65,22,283
1,4,outer_test,vibrato,1,215,22,283
1,4,outer_test,vibrato,2,3,22,283
2,0,inner_train,chest_resonance,0,70,140,2310
2,0,inner_train,chest_resonance,1,477,140,2310
2,0,inner_train,chest_resonance,2,1426,140,2310
2,0,inner_train,chest_resonance,3,337,140,2310
2,0,inner_train,head_resonance,0,80,140,2310
2,0,inner_train,head_resonance,1,514,140,2310
2,0,inner_train,head_resonance,2,1380,140,2310
2,0,inner_train,head_resonance,3,336,140,2310
2,0,inner_train,front_placement,0,1911,140,2310
2,0,inner_train,front_placement,1,241,140,2310
2,0,inner_train,front_placement,2,158,140,2310
2,0,inner_train,back_placement,0,1845,140,2310
2,0,inner_train,back_placement,1,401,140,2310
2,0,inner_train,back_placement,2,64,140,2310
2,0,inner_train,open_throat,0,1635,140,2310
2,0,inner_train,open_throat,1,442,140,2310
2,0,inner_train,open_throat,2,205,140,2310
2,0,inner_train,open_throat,3,28,140,2310
2,0,inner_train,breathiness,0,2083,140,2310
2,0,inner_train,breathiness,1,227,140,2310
2,0,inner_train,vibrato,0,608,140,2310
2,0,inner_train,vibrato,1,1627,140,2310
2,0,inner_train,vibrato,2,75,140,2310
2,0,inner_dev,chest_resonance,0,12,35,540
2,0,inner_dev,chest_resonance,1,116,35,540
2,0,inner_dev,chest_resonance,2,337,35,540
2,0,inner_dev,chest_resonance,3,75,35,540
2,0,inner_dev,head_resonance,0,24,35,540
2,0,inner_dev,head_resonance,1,113,35,540
2,0,inner_dev,head_resonance,2,321,35,540
2,0,inner_dev,head_resonance,3,82,35,540
2,0,inner_dev,front_placement,0,443,35,540
2,0,inner_dev,front_placement,1,58,35,540
2,0,inner_dev,front_placement,2,39,35,540
2,0,inner_dev,back_placement,0,439,35,540
2,0,inner_dev,back_placement,1,79,35,540
2,0,inner_dev,back_placement,2,22,35,540
2,0,inner_dev,open_throat,0,387,35,540
2,0,inner_dev,open_throat,1,104,35,540
2,0,inner_dev,open_throat,2,32,35,540
2,0,inner_dev,open_throat,3,17,35,540
2,0,inner_dev,breathiness,0,482,35,540
2,0,inner_dev,breathiness,1,58,35,540
2,0,inner_dev,vibrato,0,144,35,540
2,0,inner_dev,vibrato,1,391,35,540
2,0,inner_dev,vibrato,2,5,35,540
2,0,outer_test,chest_resonance,0,30,52,606
2,0,outer_test,chest_resonance,1,165,52,606
2,0,outer_test,chest_resonance,2,333,52,606
2,0,outer_test,chest_resonance,3,78,52,606
2,0,outer_test,head_resonance,0,41,52,606
2,0,outer_test,head_resonance,1,146,52,606
2,0,outer_test,head_resonance,2,311,52,606
2,0,outer_test,head_resonance,3,108,52,606
2,0,outer_test,front_placement,0,451,52,606
2,0,outer_test,front_placement,1,84,52,606
2,0,outer_test,front_placement,2,71,52,606
2,0,outer_test,back_placement,0,413,52,606
2,0,outer_test,back_placement,1,151,52,606
2,0,outer_test,back_placement,2,42,52,606
2,0,outer_test,open_throat,0,380,52,606
2,0,outer_test,open_throat,1,163,52,606
2,0,outer_test,open_throat,2,54,52,606
2,0,outer_test,open_throat,3,9,52,606
2,0,outer_test,breathiness,0,496,52,606
2,0,outer_test,breathiness,1,110,52,606
2,0,outer_test,vibrato,0,165,52,606
2,0,outer_test,vibrato,1,406,52,606
2,0,outer_test,vibrato,2,35,52,606
2,1,inner_train,chest_resonance,0,67,140,2327
2,1,inner_train,chest_resonance,1,493,140,2327
2,1,inner_train,chest_resonance,2,1431,140,2327
2,1,inner_train,chest_resonance,3,336,140,2327
2,1,inner_train,head_resonance,0,92,140,2327
2,1,inner_train,head_resonance,1,523,140,2327
2,1,inner_train,head_resonance,2,1375,140,2327
2,1,inner_train,head_resonance,3,337,140,2327
2,1,inner_train,front_placement,0,1907,140,2327
2,1,inner_train,front_placement,1,249,140,2327
2,1,inner_train,front_placement,2,171,140,2327
2,1,inner_train,back_placement,0,1869,140,2327
2,1,inner_train,back_placement,1,393,140,2327
2,1,inner_train,back_placement,2,65,140,2327
2,1,inner_train,open_throat,0,1650,140,2327
2,1,inner_train,open_throat,1,439,140,2327
2,1,inner_train,open_throat,2,198,140,2327
2,1,inner_train,open_throat,3,40,140,2327
2,1,inner_train,breathiness,0,2097,140,2327
2,1,inner_train,breathiness,1,230,140,2327
2,1,inner_train,vibrato,0,614,140,2327
2,1,inner_train,vibrato,1,1638,140,2327
2,1,inner_train,vibrato,2,75,140,2327
2,1,inner_dev,chest_resonance,0,15,35,523
2,1,inner_dev,chest_resonance,1,100,35,523
2,1,inner_dev,chest_resonance,2,332,35,523
2,1,inner_dev,chest_resonance,3,76,35,523
2,1,inner_dev,head_resonance,0,12,35,523
2,1,inner_dev,head_resonance,1,104,35,523
2,1,inner_dev,head_resonance,2,326,35,523
2,1,inner_dev,head_resonance,3,81,35,523
2,1,inner_dev,front_placement,0,447,35,523
2,1,inner_dev,front_placement,1,50,35,523
2,1,inner_dev,front_placement,2,26,35,523
2,1,inner_dev,back_placement,0,415,35,523
2,1,inner_dev,back_placement,1,87,35,523
2,1,inner_dev,back_placement,2,21,35,523
2,1,inner_dev,open_throat,0,372,35,523
2,1,inner_dev,open_throat,1,107,35,523
2,1,inner_dev,open_throat,2,39,35,523
2,1,inner_dev,open_throat,3,5,35,523
2,1,inner_dev,breathiness,0,468,35,523
2,1,inner_dev,breathiness,1,55,35,523
2,1,inner_dev,vibrato,0,138,35,523
2,1,inner_dev,vibrato,1,380,35,523
2,1,inner_dev,vibrato,2,5,35,523
2,1,outer_test,chest_resonance,0,30,52,606
2,1,outer_test,chest_resonance,1,165,52,606
2,1,outer_test,chest_resonance,2,333,52,606
2,1,outer_test,chest_resonance,3,78,52,606
2,1,outer_test,head_resonance,0,41,52,606
2,1,outer_test,head_resonance,1,146,52,606
2,1,outer_test,head_resonance,2,311,52,606
2,1,outer_test,head_resonance,3,108,52,606
2,1,outer_test,front_placement,0,451,52,606
2,1,outer_test,front_placement,1,84,52,606
2,1,outer_test,front_placement,2,71,52,606
2,1,outer_test,back_placement,0,413,52,606
2,1,outer_test,back_placement,1,151,52,606
2,1,outer_test,back_placement,2,42,52,606
2,1,outer_test,open_throat,0,380,52,606
2,1,outer_test,open_throat,1,163,52,606
2,1,outer_test,open_throat,2,54,52,606
2,1,outer_test,open_throat,3,9,52,606
2,1,outer_test,breathiness,0,496,52,606
2,1,outer_test,breathiness,1,110,52,606
2,1,outer_test,vibrato,0,165,52,606
2,1,outer_test,vibrato,1,406,52,606
2,1,outer_test,vibrato,2,35,52,606
2,2,inner_train,chest_resonance,0,60,140,2315
2,2,inner_train,chest_resonance,1,499,140,2315
2,2,inner_train,chest_resonance,2,1429,140,2315
2,2,inner_train,chest_resonance,3,327,140,2315
2,2,inner_train,head_resonance,0,81,140,2315
2,2,inner_train,head_resonance,1,520,140,2315
2,2,inner_train,head_resonance,2,1376,140,2315
2,2,inner_train,head_resonance,3,338,140,2315
2,2,inner_train,front_placement,0,1908,140,2315
2,2,inner_train,front_placement,1,245,140,2315
2,2,inner_train,front_placement,2,162,140,2315
2,2,inner_train,back_placement,0,1858,140,2315
2,2,inner_train,back_placement,1,392,140,2315
2,2,inner_train,back_placement,2,65,140,2315
2,2,inner_train,open_throat,0,1645,140,2315
2,2,inner_train,open_throat,1,444,140,2315
2,2,inner_train,open_throat,2,190,140,2315
2,2,inner_train,open_throat,3,36,140,2315
2,2,inner_train,breathiness,0,2090,140,2315
2,2,inner_train,breathiness,1,225,140,2315
2,2,inner_train,vibrato,0,636,140,2315
2,2,inner_train,vibrato,1,1606,140,2315
2,2,inner_train,vibrato,2,73,140,2315
2,2,inner_dev,chest_resonance,0,22,35,535
2,2,inner_dev,chest_resonance,1,94,35,535
2,2,inner_dev,chest_resonance,2,334,35,535
2,2,inner_dev,chest_resonance,3,85,35,535
2,2,inner_dev,head_resonance,0,23,35,535
2,2,inner_dev,head_resonance,1,107,35,535
2,2,inner_dev,head_resonance,2,325,35,535
2,2,inner_dev,head_resonance,3,80,35,535
2,2,inner_dev,front_placement,0,446,35,535
2,2,inner_dev,front_placement,1,54,35,535
2,2,inner_dev,front_placement,2,35,35,535
2,2,inner_dev,back_placement,0,426,35,535
2,2,inner_dev,back_placement,1,88,35,535
2,2,inner_dev,back_placement,2,21,35,535
2,2,inner_dev,open_throat,0,377,35,535
2,2,inner_dev,open_throat,1,102,35,535
2,2,inner_dev,open_throat,2,47,35,535
2,2,inner_dev,open_throat,3,9,35,535
2,2,inner_dev,breathiness,0,475,35,535
2,2,inner_dev,breathiness,1,60,35,535
2,2,inner_dev,vibrato,0,116,35,535
2,2,inner_dev,vibrato,1,412,35,535
2,2,inner_dev,vibrato,2,7,35,535
2,2,outer_test,chest_resonance,0,30,52,606
2,2,outer_test,chest_resonance,1,165,52,606
2,2,outer_test,chest_resonance,2,333,52,606
2,2,outer_test,chest_resonance,3,78,52,606
2,2,outer_test,head_resonance,0,41,52,606
2,2,outer_test,head_resonance,1,146,52,606
2,2,outer_test,head_resonance,2,311,52,606
2,2,outer_test,head_resonance,3,108,52,606
2,2,outer_test,front_placement,0,451,52,606
2,2,outer_test,front_placement,1,84,52,606
2,2,outer_test,front_placement,2,71,52,606
2,2,outer_test,back_placement,0,413,52,606
2,2,outer_test,back_placement,1,151,52,606
2,2,outer_test,back_placement,2,42,52,606
2,2,outer_test,open_throat,0,380,52,606
2,2,outer_test,open_throat,1,163,52,606
2,2,outer_test,open_throat,2,54,52,606
2,2,outer_test,open_throat,3,9,52,606
2,2,outer_test,breathiness,0,496,52,606
2,2,outer_test,breathiness,1,110,52,606
2,2,outer_test,vibrato,0,165,52,606
2,2,outer_test,vibrato,1,406,52,606
2,2,outer_test,vibrato,2,35,52,606
2,3,inner_train,chest_resonance,0,64,140,2307
2,3,inner_train,chest_resonance,1,479,140,2307
2,3,inner_train,chest_resonance,2,1435,140,2307
2,3,inner_train,chest_resonance,3,329,140,2307
2,3,inner_train,head_resonance,0,84,140,2307
2,3,inner_train,head_resonance,1,503,140,2307
2,3,inner_train,head_resonance,2,1392,140,2307
2,3,inner_train,head_resonance,3,328,140,2307
2,3,inner_train,front_placement,0,1902,140,2307
2,3,inner_train,front_placement,1,246,140,2307
2,3,inner_train,front_placement,2,159,140,2307
2,3,inner_train,back_placement,0,1832,140,2307
2,3,inner_train,back_placement,1,414,140,2307
2,3,inner_train,back_placement,2,61,140,2307
2,3,inner_train,open_throat,0,1640,140,2307
2,3,inner_train,open_throat,1,444,140,2307
2,3,inner_train,open_throat,2,185,140,2307
2,3,inner_train,open_throat,3,38,140,2307
2,3,inner_train,breathiness,0,2078,140,2307
2,3,inner_train,breathiness,1,229,140,2307
2,3,inner_train,vibrato,0,594,140,2307
2,3,inner_train,vibrato,1,1642,140,2307
2,3,inner_train,vibrato,2,71,140,2307
2,3,inner_dev,chest_resonance,0,18,35,543
2,3,inner_dev,chest_resonance,1,114,35,543
2,3,inner_dev,chest_resonance,2,328,35,543
2,3,inner_dev,chest_resonance,3,83,35,543
2,3,inner_dev,head_resonance,0,20,35,543
2,3,inner_dev,head_resonance,1,124,35,543
2,3,inner_dev,head_resonance,2,309,35,543
2,3,inner_dev,head_resonance,3,90,35,543
2,3,inner_dev,front_placement,0,452,35,543
2,3,inner_dev,front_placement,1,53,35,543
2,3,inner_dev,front_placement,2,38,35,543
2,3,inner_dev,back_placement,0,452,35,543
2,3,inner_dev,back_placement,1,66,35,543
2,3,inner_dev,back_placement,2,25,35,543
2,3,inner_dev,open_throat,0,382,35,543
2,3,inner_dev,open_throat,1,102,35,543
2,3,inner_dev,open_throat,2,52,35,543
2,3,inner_dev,open_throat,3,7,35,543
2,3,inner_dev,breathiness,0,487,35,543
2,3,inner_dev,breathiness,1,56,35,543
2,3,inner_dev,vibrato,0,158,35,543
2,3,inner_dev,vibrato,1,376,35,543
2,3,inner_dev,vibrato,2,9,35,543
2,3,outer_test,chest_resonance,0,30,52,606
2,3,outer_test,chest_resonance,1,165,52,606
2,3,outer_test,chest_resonance,2,333,52,606
2,3,outer_test,chest_resonance,3,78,52,606
2,3,outer_test,head_resonance,0,41,52,606
2,3,outer_test,head_resonance,1,146,52,606
2,3,outer_test,head_resonance,2,311,52,606
2,3,outer_test,head_resonance,3,108,52,606
2,3,outer_test,front_placement,0,451,52,606
2,3,outer_test,front_placement,1,84,52,606
2,3,outer_test,front_placement,2,71,52,606
2,3,outer_test,back_placement,0,413,52,606
2,3,outer_test,back_placement,1,151,52,606
2,3,outer_test,back_placement,2,42,52,606
2,3,outer_test,open_throat,0,380,52,606
2,3,outer_test,open_throat,1,163,52,606
2,3,outer_test,open_throat,2,54,52,606
2,3,outer_test,open_throat,3,9,52,606
2,3,outer_test,breathiness,0,496,52,606
2,3,outer_test,breathiness,1,110,52,606
2,3,outer_test,vibrato,0,165,52,606
2,3,outer_test,vibrato,1,406,52,606
2,3,outer_test,vibrato,2,35,52,606
2,4,inner_train,chest_resonance,0,70,140,2312
2,4,inner_train,chest_resonance,1,472,140,2312
2,4,inner_train,chest_resonance,2,1432,140,2312
2,4,inner_train,chest_resonance,3,338,140,2312
2,4,inner_train,head_resonance,0,83,140,2312
2,4,inner_train,head_resonance,1,533,140,2312
2,4,inner_train,head_resonance,2,1366,140,2312
2,4,inner_train,head_resonance,3,330,140,2312
2,4,inner_train,front_placement,0,1906,140,2312
2,4,inner_train,front_placement,1,242,140,2312
2,4,inner_train,front_placement,2,164,140,2312
2,4,inner_train,back_placement,0,1861,140,2312
2,4,inner_train,back_placement,1,391,140,2312
2,4,inner_train,back_placement,2,60,140,2312
2,4,inner_train,open_throat,0,1650,140,2312
2,4,inner_train,open_throat,1,448,140,2312
2,4,inner_train,open_throat,2,180,140,2312
2,4,inner_train,open_throat,3,34,140,2312
2,4,inner_train,breathiness,0,2081,140,2312
2,4,inner_train,breathiness,1,231,140,2312
2,4,inner_train,vibrato,0,613,140,2312
2,4,inner_train,vibrato,1,1655,140,2312
2,4,inner_train,vibrato,2,44,140,2312
2,4,inner_dev,chest_resonance,0,12,35,538
2,4,inner_dev,chest_resonance,1,121,35,538
2,4,inner_dev,chest_resonance,2,331,35,538
2,4,inner_dev,chest_resonance,3,74,35,538
2,4,inner_dev,head_resonance,0,21,35,538
2,4,inner_dev,head_resonance,1,94,35,538
2,4,inner_dev,head_resonance,2,335,35,538
2,4,inner_dev,head_resonance,3,88,35,538
2,4,inner_dev,front_placement,0,448,35,538
2,4,inner_dev,front_placement,1,57,35,538
2,4,inner_dev,front_placement,2,33,35,538
2,4,inner_dev,back_placement,0,423,35,538
2,4,inner_dev,back_placement,1,89,35,538
2,4,inner_dev,back_placement,2,26,35,538
2,4,inner_dev,open_throat,0,372,35,538
2,4,inner_dev,open_throat,1,98,35,538
2,4,inner_dev,open_throat,2,57,35,538
2,4,inner_dev,open_throat,3,11,35,538
2,4,inner_dev,breathiness,0,484,35,538
2,4,inner_dev,breathiness,1,54,35,538
2,4,inner_dev,vibrato,0,139,35,538
2,4,inner_dev,vibrato,1,363,35,538
2,4,inner_dev,vibrato,2,36,35,538
2,4,outer_test,chest_resonance,0,30,52,606
2,4,outer_test,chest_resonance,1,165,52,606
2,4,outer_test,chest_resonance,2,333,52,606
2,4,outer_test,chest_resonance,3,78,52,606
2,4,outer_test,head_resonance,0,41,52,606
2,4,outer_test,head_resonance,1,146,52,606
2,4,outer_test,head_resonance,2,311,52,606
2,4,outer_test,head_resonance,3,108,52,606
2,4,outer_test,front_placement,0,451,52,606
2,4,outer_test,front_placement,1,84,52,606
2,4,outer_test,front_placement,2,71,52,606
2,4,outer_test,back_placement,0,413,52,606
2,4,outer_test,back_placement,1,151,52,606
2,4,outer_test,back_placement,2,42,52,606
2,4,outer_test,open_throat,0,380,52,606
2,4,outer_test,open_throat,1,163,52,606
2,4,outer_test,open_throat,2,54,52,606
2,4,outer_test,open_throat,3,9,52,606
2,4,outer_test,breathiness,0,496,52,606
2,4,outer_test,breathiness,1,110,52,606
2,4,outer_test,vibrato,0,165,52,606
2,4,outer_test,vibrato,1,406,52,606
2,4,outer_test,vibrato,2,35,52,606
3,0,inner_train,chest_resonance,0,48,129,1787
3,0,inner_train,chest_resonance,1,416,129,1787
3,0,inner_train,chest_resonance,2,1041,129,1787
3,0,inner_train,chest_resonance,3,282,129,1787
3,0,inner_train,head_resonance,0,57,129,1787
3,0,inner_train,head_resonance,1,419,129,1787
3,0,inner_train,head_resonance,2,1011,129,1787
3,0,inner_train,head_resonance,3,300,129,1787
3,0,inner_train,front_placement,0,1335,129,1787
3,0,inner_train,front_placement,1,274,129,1787
3,0,inner_train,front_placement,2,178,129,1787
3,0,inner_train,back_placement,0,1236,129,1787
3,0,inner_train,back_placement,1,465,129,1787
3,0,inner_train,back_placement,2,86,129,1787
3,0,inner_train,open_throat,0,1137,129,1787
3,0,inner_train,open_throat,1,416,129,1787
3,0,inner_train,open_throat,2,193,129,1787
3,0,inner_train,open_throat,3,41,129,1787
3,0,inner_train,breathiness,0,1541,129,1787
3,0,inner_train,breathiness,1,246,129,1787
3,0,inner_train,vibrato,0,406,129,1787
3,0,inner_train,vibrato,1,1298,129,1787
3,0,inner_train,vibrato,2,83,129,1787
3,0,inner_dev,chest_resonance,0,10,33,438
3,0,inner_dev,chest_resonance,1,79,33,438
3,0,inner_dev,chest_resonance,2,272,33,438
3,0,inner_dev,chest_resonance,3,77,33,438
3,0,inner_dev,head_resonance,0,18,33,438
3,0,inner_dev,head_resonance,1,103,33,438
3,0,inner_dev,head_resonance,2,236,33,438
3,0,inner_dev,head_resonance,3,81,33,438
3,0,inner_dev,front_placement,0,310,33,438
3,0,inner_dev,front_placement,1,87,33,438
3,0,inner_dev,front_placement,2,41,33,438
3,0,inner_dev,back_placement,0,274,33,438
3,0,inner_dev,back_placement,1,133,33,438
3,0,inner_dev,back_placement,2,31,33,438
3,0,inner_dev,open_throat,0,283,33,438
3,0,inner_dev,open_throat,1,102,33,438
3,0,inner_dev,open_throat,2,44,33,438
3,0,inner_dev,open_throat,3,9,33,438
3,0,inner_dev,breathiness,0,383,33,438
3,0,inner_dev,breathiness,1,55,33,438
3,0,inner_dev,vibrato,0,101,33,438
3,0,inner_dev,vibrato,1,317,33,438
3,0,inner_dev,vibrato,2,20,33,438
3,0,outer_test,chest_resonance,0,54,65,1231
3,0,outer_test,chest_resonance,1,263,65,1231
3,0,outer_test,chest_resonance,2,783,65,1231
3,0,outer_test,chest_resonance,3,131,65,1231
3,0,outer_test,head_resonance,0,70,65,1231
3,0,outer_test,head_resonance,1,251,65,1231
3,0,outer_test,head_resonance,2,765,65,1231
3,0,outer_test,head_resonance,3,145,65,1231
3,0,outer_test,front_placement,0,1160,65,1231
3,0,outer_test,front_placement,1,22,65,1231
3,0,outer_test,front_placement,2,49,65,1231
3,0,outer_test,back_placement,0,1187,65,1231
3,0,outer_test,back_placement,1,33,65,1231
3,0,outer_test,back_placement,2,11,65,1231
3,0,outer_test,open_throat,0,982,65,1231
3,0,outer_test,open_throat,1,191,65,1231
3,0,outer_test,open_throat,2,54,65,1231
3,0,outer_test,open_throat,3,4,65,1231
3,0,outer_test,breathiness,0,1137,65,1231
3,0,outer_test,breathiness,1,94,65,1231
3,0,outer_test,vibrato,0,410,65,1231
3,0,outer_test,vibrato,1,809,65,1231
3,0,outer_test,vibrato,2,12,65,1231
3,1,inner_train,chest_resonance,0,53,129,1786
3,1,inner_train,chest_resonance,1,396,129,1786
3,1,inner_train,chest_resonance,2,1052,129,1786
3,1,inner_train,chest_resonance,3,285,129,1786
3,1,inner_train,head_resonance,0,63,129,1786
3,1,inner_train,head_resonance,1,423,129,1786
3,1,inner_train,head_resonance,2,991,129,1786
3,1,inner_train,head_resonance,3,309,129,1786
3,1,inner_train,front_placement,0,1324,129,1786
3,1,inner_train,front_placement,1,283,129,1786
3,1,inner_train,front_placement,2,179,129,1786
3,1,inner_train,back_placement,0,1211,129,1786
3,1,inner_train,back_placement,1,486,129,1786
3,1,inner_train,back_placement,2,89,129,1786
3,1,inner_train,open_throat,0,1128,129,1786
3,1,inner_train,open_throat,1,419,129,1786
3,1,inner_train,open_throat,2,195,129,1786
3,1,inner_train,open_throat,3,44,129,1786
3,1,inner_train,breathiness,0,1545,129,1786
3,1,inner_train,breathiness,1,241,129,1786
3,1,inner_train,vibrato,0,410,129,1786
3,1,inner_train,vibrato,1,1280,129,1786
3,1,inner_train,vibrato,2,96,129,1786
3,1,inner_dev,chest_resonance,0,5,33,439
3,1,inner_dev,chest_resonance,1,99,33,439
3,1,inner_dev,chest_resonance,2,261,33,439
3,1,inner_dev,chest_resonance,3,74,33,439
3,1,inner_dev,head_resonance,0,12,33,439
3,1,inner_dev,head_resonance,1,99,33,439
3,1,inner_dev,head_resonance,2,256,33,439
3,1,inner_dev,head_resonance,3,72,33,439
3,1,inner_dev,front_placement,0,321,33,439
3,1,inner_dev,front_placement,1,78,33,439
3,1,inner_dev,front_placement,2,40,33,439
3,1,inner_dev,back_placement,0,299,33,439
3,1,inner_dev,back_placement,1,112,33,439
3,1,inner_dev,back_placement,2,28,33,439
3,1,inner_dev,open_throat,0,292,33,439
3,1,inner_dev,open_throat,1,99,33,439
3,1,inner_dev,open_throat,2,42,33,439
3,1,inner_dev,open_throat,3,6,33,439
3,1,inner_dev,breathiness,0,379,33,439
3,1,inner_dev,breathiness,1,60,33,439
3,1,inner_dev,vibrato,0,97,33,439
3,1,inner_dev,vibrato,1,335,33,439
3,1,inner_dev,vibrato,2,7,33,439
3,1,outer_test,chest_resonance,0,54,65,1231
3,1,outer_test,chest_resonance,1,263,65,1231
3,1,outer_test,chest_resonance,2,783,65,1231
3,1,outer_test,chest_resonance,3,131,65,1231
3,1,outer_test,head_resonance,0,70,65,1231
3,1,outer_test,head_resonance,1,251,65,1231
3,1,outer_test,head_resonance,2,765,65,1231
3,1,outer_test,head_resonance,3,145,65,1231
3,1,outer_test,front_placement,0,1160,65,1231
3,1,outer_test,front_placement,1,22,65,1231
3,1,outer_test,front_placement,2,49,65,1231
3,1,outer_test,back_placement,0,1187,65,1231
3,1,outer_test,back_placement,1,33,65,1231
3,1,outer_test,back_placement,2,11,65,1231
3,1,outer_test,open_throat,0,982,65,1231
3,1,outer_test,open_throat,1,191,65,1231
3,1,outer_test,open_throat,2,54,65,1231
3,1,outer_test,open_throat,3,4,65,1231
3,1,outer_test,breathiness,0,1137,65,1231
3,1,outer_test,breathiness,1,94,65,1231
3,1,outer_test,vibrato,0,410,65,1231
3,1,outer_test,vibrato,1,809,65,1231
3,1,outer_test,vibrato,2,12,65,1231
3,2,inner_train,chest_resonance,0,52,129,1786
3,2,inner_train,chest_resonance,1,399,129,1786
3,2,inner_train,chest_resonance,2,1052,129,1786
3,2,inner_train,chest_resonance,3,283,129,1786
3,2,inner_train,head_resonance,0,57,129,1786
3,2,inner_train,head_resonance,1,436,129,1786
3,2,inner_train,head_resonance,2,994,129,1786
3,2,inner_train,head_resonance,3,299,129,1786
3,2,inner_train,front_placement,0,1314,129,1786
3,2,inner_train,front_placement,1,297,129,1786
3,2,inner_train,front_placement,2,175,129,1786
3,2,inner_train,back_placement,0,1211,129,1786
3,2,inner_train,back_placement,1,482,129,1786
3,2,inner_train,back_placement,2,93,129,1786
3,2,inner_train,open_throat,0,1143,129,1786
3,2,inner_train,open_throat,1,416,129,1786
3,2,inner_train,open_throat,2,197,129,1786
3,2,inner_train,open_throat,3,30,129,1786
3,2,inner_train,breathiness,0,1549,129,1786
3,2,inner_train,breathiness,1,237,129,1786
3,2,inner_train,vibrato,0,419,129,1786
3,2,inner_train,vibrato,1,1269,129,1786
3,2,inner_train,vibrato,2,98,129,1786
3,2,inner_dev,chest_resonance,0,6,33,439
3,2,inner_dev,chest_resonance,1,96,33,439
3,2,inner_dev,chest_resonance,2,261,33,439
3,2,inner_dev,chest_resonance,3,76,33,439
3,2,inner_dev,head_resonance,0,18,33,439
3,2,inner_dev,head_resonance,1,86,33,439
3,2,inner_dev,head_resonance,2,253,33,439
3,2,inner_dev,head_resonance,3,82,33,439
3,2,inner_dev,front_placement,0,331,33,439
3,2,inner_dev,front_placement,1,64,33,439
3,2,inner_dev,front_placement,2,44,33,439
3,2,inner_dev,back_placement,0,299,33,439
3,2,inner_dev,back_placement,1,116,33,439
3,2,inner_dev,back_placement,2,24,33,439
3,2,inner_dev,open_throat,0,277,33,439
3,2,inner_dev,open_throat,1,102,33,439
3,2,inner_dev,open_throat,2,40,33,439
3,2,inner_dev,open_throat,3,20,33,439
3,2,inner_dev,breathiness,0,375,33,439
3,2,inner_dev,breathiness,1,64,33,439
3,2,inner_dev,vibrato,0,88,33,439
3,2,inner_dev,vibrato,1,346,33,439
3,2,inner_dev,vibrato,2,5,33,439
3,2,outer_test,chest_resonance,0,54,65,1231
3,2,outer_test,chest_resonance,1,263,65,1231
3,2,outer_test,chest_resonance,2,783,65,1231
3,2,outer_test,chest_resonance,3,131,65,1231
3,2,outer_test,head_resonance,0,70,65,1231
3,2,outer_test,head_resonance,1,251,65,1231
3,2,outer_test,head_resonance,2,765,65,1231
3,2,outer_test,head_resonance,3,145,65,1231
3,2,outer_test,front_placement,0,1160,65,1231
3,2,outer_test,front_placement,1,22,65,1231
3,2,outer_test,front_placement,2,49,65,1231
3,2,outer_test,back_placement,0,1187,65,1231
3,2,outer_test,back_placement,1,33,65,1231
3,2,outer_test,back_placement,2,11,65,1231
3,2,outer_test,open_throat,0,982,65,1231
3,2,outer_test,open_throat,1,191,65,1231
3,2,outer_test,open_throat,2,54,65,1231
3,2,outer_test,open_throat,3,4,65,1231
3,2,outer_test,breathiness,0,1137,65,1231
3,2,outer_test,breathiness,1,94,65,1231
3,2,outer_test,vibrato,0,410,65,1231
3,2,outer_test,vibrato,1,809,65,1231
3,2,outer_test,vibrato,2,12,65,1231
3,3,inner_train,chest_resonance,0,54,129,1785
3,3,inner_train,chest_resonance,1,373,129,1785
3,3,inner_train,chest_resonance,2,1054,129,1785
3,3,inner_train,chest_resonance,3,304,129,1785
3,3,inner_train,head_resonance,0,60,129,1785
3,3,inner_train,head_resonance,1,439,129,1785
3,3,inner_train,head_resonance,2,980,129,1785
3,3,inner_train,head_resonance,3,306,129,1785
3,3,inner_train,front_placement,0,1327,129,1785
3,3,inner_train,front_placement,1,282,129,1785
3,3,inner_train,front_placement,2,176,129,1785
3,3,inner_train,back_placement,0,1204,129,1785
3,3,inner_train,back_placement,1,480,129,1785
3,3,inner_train,back_placement,2,101,129,1785
3,3,inner_train,open_throat,0,1142,129,1785
3,3,inner_train,open_throat,1,410,129,1785
3,3,inner_train,open_throat,2,192,129,1785
3,3,inner_train,open_throat,3,41,129,1785
3,3,inner_train,breathiness,0,1547,129,1785
3,3,inner_train,breathiness,1,238,129,1785
3,3,inner_train,vibrato,0,405,129,1785
3,3,inner_train,vibrato,1,1297,129,1785
3,3,inner_train,vibrato,2,83,129,1785
3,3,inner_dev,chest_resonance,0,4,33,440
3,3,inner_dev,chest_resonance,1,122,33,440
3,3,inner_dev,chest_resonance,2,259,33,440
3,3,inner_dev,chest_resonance,3,55,33,440
3,3,inner_dev,head_resonance,0,15,33,440
3,3,inner_dev,head_resonance,1,83,33,440
3,3,inner_dev,head_resonance,2,267,33,440
3,3,inner_dev,head_resonance,3,75,33,440
3,3,inner_dev,front_placement,0,318,33,440
3,3,inner_dev,front_placement,1,79,33,440
3,3,inner_dev,front_placement,2,43,33,440
3,3,inner_dev,back_placement,0,306,33,440
3,3,inner_dev,back_placement,1,118,33,440
3,3,inner_dev,back_placement,2,16,33,440
3,3,inner_dev,open_throat,0,278,33,440
3,3,inner_dev,open_throat,1,108,33,440
3,3,inner_dev,open_throat,2,45,33,440
3,3,inner_dev,open_throat,3,9,33,440
3,3,inner_dev,breathiness,0,377,33,440
3,3,inner_dev,breathiness,1,63,33,440
3,3,inner_dev,vibrato,0,102,33,440
3,3,inner_dev,vibrato,1,318,33,440
3,3,inner_dev,vibrato,2,20,33,440
3,3,outer_test,chest_resonance,0,54,65,1231
3,3,outer_test,chest_resonance,1,263,65,1231
3,3,outer_test,chest_resonance,2,783,65,1231
3,3,outer_test,chest_resonance,3,131,65,1231
3,3,outer_test,head_resonance,0,70,65,1231
3,3,outer_test,head_resonance,1,251,65,1231
3,3,outer_test,head_resonance,2,765,65,1231
3,3,outer_test,head_resonance,3,145,65,1231
3,3,outer_test,front_placement,0,1160,65,1231
3,3,outer_test,front_placement,1,22,65,1231
3,3,outer_test,front_placement,2,49,65,1231
3,3,outer_test,back_placement,0,1187,65,1231
3,3,outer_test,back_placement,1,33,65,1231
3,3,outer_test,back_placement,2,11,65,1231
3,3,outer_test,open_throat,0,982,65,1231
3,3,outer_test,open_throat,1,191,65,1231
3,3,outer_test,open_throat,2,54,65,1231
3,3,outer_test,open_throat,3,4,65,1231
3,3,outer_test,breathiness,0,1137,65,1231
3,3,outer_test,breathiness,1,94,65,1231
3,3,outer_test,vibrato,0,410,65,1231
3,3,outer_test,vibrato,1,809,65,1231
3,3,outer_test,vibrato,2,12,65,1231
3,4,inner_train,chest_resonance,0,48,129,1792
3,4,inner_train,chest_resonance,1,407,129,1792
3,4,inner_train,chest_resonance,2,1051,129,1792
3,4,inner_train,chest_resonance,3,286,129,1792
3,4,inner_train,head_resonance,0,54,129,1792
3,4,inner_train,head_resonance,1,424,129,1792
3,4,inner_train,head_resonance,2,1021,129,1792
3,4,inner_train,head_resonance,3,293,129,1792
3,4,inner_train,front_placement,0,1330,129,1792
3,4,inner_train,front_placement,1,289,129,1792
3,4,inner_train,front_placement,2,173,129,1792
3,4,inner_train,back_placement,0,1199,129,1792
3,4,inner_train,back_placement,1,499,129,1792
3,4,inner_train,back_placement,2,94,129,1792
3,4,inner_train,open_throat,0,1136,129,1792
3,4,inner_train,open_throat,1,427,129,1792
3,4,inner_train,open_throat,2,184,129,1792
3,4,inner_train,open_throat,3,45,129,1792
3,4,inner_train,breathiness,0,1553,129,1792
3,4,inner_train,breathiness,1,239,129,1792
3,4,inner_train,vibrato,0,399,129,1792
3,4,inner_train,vibrato,1,1304,129,1792
3,4,inner_train,vibrato,2,89,129,1792
3,4,inner_dev,chest_resonance,0,10,33,433
3,4,inner_dev,chest_resonance,1,88,33,433
3,4,inner_dev,chest_resonance,2,262,33,433
3,4,inner_dev,chest_resonance,3,73,33,433
3,4,inner_dev,head_resonance,0,21,33,433
3,4,inner_dev,head_resonance,1,98,33,433
3,4,inner_dev,head_resonance,2,226,33,433
3,4,inner_dev,head_resonance,3,88,33,433
3,4,inner_dev,front_placement,0,315,33,433
3,4,inner_dev,front_placement,1,72,33,433
3,4,inner_dev,front_placement,2,46,33,433
3,4,inner_dev,back_placement,0,311,33,433
3,4,inner_dev,back_placement,1,99,33,433
3,4,inner_dev,back_placement,2,23,33,433
3,4,inner_dev,open_throat,0,284,33,433
3,4,inner_dev,open_throat,1,91,33,433
3,4,inner_dev,open_throat,2,53,33,433
3,4,inner_dev,open_throat,3,5,33,433
3,4,inner_dev,breathiness,0,371,33,433
3,4,inner_dev,breathiness,1,62,33,433
3,4,inner_dev,vibrato,0,108,33,433
3,4,inner_dev,vibrato,1,311,33,433
3,4,inner_dev,vibrato,2,14,33,433
3,4,outer_test,chest_resonance,0,54,65,1231
3,4,outer_test,chest_resonance,1,263,65,1231
3,4,outer_test,chest_resonance,2,783,65,1231
3,4,outer_test,chest_resonance,3,131,65,1231
3,4,outer_test,head_resonance,0,70,65,1231
3,4,outer_test,head_resonance,1,251,65,1231
3,4,outer_test,head_resonance,2,765,65,1231
3,4,outer_test,head_resonance,3,145,65,1231
3,4,outer_test,front_placement,0,1160,65,1231
3,4,outer_test,front_placement,1,22,65,1231
3,4,outer_test,front_placement,2,49,65,1231
3,4,outer_test,back_placement,0,1187,65,1231
3,4,outer_test,back_placement,1,33,65,1231
3,4,outer_test,back_placement,2,11,65,1231
3,4,outer_test,open_throat,0,982,65,1231
3,4,outer_test,open_throat,1,191,65,1231
3,4,outer_test,open_throat,2,54,65,1231
3,4,outer_test,open_throat,3,4,65,1231
3,4,outer_test,breathiness,0,1137,65,1231
3,4,outer_test,breathiness,1,94,65,1231
3,4,outer_test,vibrato,0,410,65,1231
3,4,outer_test,vibrato,1,809,65,1231
3,4,outer_test,vibrato,2,12,65,1231
4,0,inner_train,chest_resonance,0,104,164,2560
4,0,inner_train,chest_resonance,1,587,164,2560
4,0,inner_train,chest_resonance,2,1533,164,2560
4,0,inner_train,chest_resonance,3,336,164,2560
4,0,inner_train,head_resonance,0,122,164,2560
4,0,inner_train,head_resonance,1,602,164,2560
4,0,inner_train,head_resonance,2,1455,164,2560
4,0,inner_train,head_resonance,3,381,164,2560
4,0,inner_train,front_placement,0,2086,164,2560
4,0,inner_train,front_placement,1,256,164,2560
4,0,inner_train,front_placement,2,218,164,2560
4,0,inner_train,back_placement,0,2029,164,2560
4,0,inner_train,back_placement,1,438,164,2560
4,0,inner_train,back_placement,2,93,164,2560
4,0,inner_train,open_throat,0,1751,164,2560
4,0,inner_train,open_throat,1,546,164,2560
4,0,inner_train,open_throat,2,216,164,2560
4,0,inner_train,open_throat,3,47,164,2560
4,0,inner_train,breathiness,0,2235,164,2560
4,0,inner_train,breathiness,1,325,164,2560
4,0,inner_train,vibrato,0,743,164,2560
4,0,inner_train,vibrato,1,1726,164,2560
4,0,inner_train,vibrato,2,91,164,2560
4,0,inner_dev,chest_resonance,0,8,42,634
4,0,inner_dev,chest_resonance,1,156,42,634
4,0,inner_dev,chest_resonance,2,373,42,634
4,0,inner_dev,chest_resonance,3,97,42,634
4,0,inner_dev,head_resonance,0,23,42,634
4,0,inner_dev,head_resonance,1,156,42,634
4,0,inner_dev,head_resonance,2,366,42,634
4,0,inner_dev,head_resonance,3,89,42,634
4,0,inner_dev,front_placement,0,544,42,634
4,0,inner_dev,front_placement,1,56,42,634
4,0,inner_dev,front_placement,2,34,42,634
4,0,inner_dev,back_placement,0,495,42,634
4,0,inner_dev,back_placement,1,114,42,634
4,0,inner_dev,back_placement,2,25,42,634
4,0,inner_dev,open_throat,0,437,42,634
4,0,inner_dev,open_throat,1,131,42,634
4,0,inner_dev,open_throat,2,59,42,634
4,0,inner_dev,open_throat,3,7,42,634
4,0,inner_dev,breathiness,0,565,42,634
4,0,inner_dev,breathiness,1,69,42,634
4,0,inner_dev,vibrato,0,173,42,634
4,0,inner_dev,vibrato,1,440,42,634
4,0,inner_dev,vibrato,2,21,42,634
4,0,outer_test,chest_resonance,0,0,21,262
4,0,outer_test,chest_resonance,1,15,21,262
4,0,outer_test,chest_resonance,2,190,21,262
4,0,outer_test,chest_resonance,3,57,21,262
4,0,outer_test,head_resonance,0,0,21,262
4,0,outer_test,head_resonance,1,15,21,262
4,0,outer_test,head_resonance,2,191,21,262
4,0,outer_test,head_resonance,3,56,21,262
4,0,outer_test,front_placement,0,175,21,262
4,0,outer_test,front_placement,1,71,21,262
4,0,outer_test,front_placement,2,16,21,262
4,0,outer_test,back_placement,0,173,21,262
4,0,outer_test,back_placement,1,79,21,262
4,0,outer_test,back_placement,2,10,21,262
4,0,outer_test,open_throat,0,214,21,262
4,0,outer_test,open_throat,1,32,21,262
4,0,outer_test,open_throat,2,16,21,262
4,0,outer_test,open_throat,3,0,21,262
4,0,outer_test,breathiness,0,261,21,262
4,0,outer_test,breathiness,1,1,21,262
4,0,outer_test,vibrato,0,1,21,262
4,0,outer_test,vibrato,1,258,21,262
4,0,outer_test,vibrato,2,3,21,262
4,1,inner_train,chest_resonance,0,90,164,2560
4,1,inner_train,chest_resonance,1,591,164,2560
4,1,inner_train,chest_resonance,2,1520,164,2560
4,1,inner_train,chest_resonance,3,359,164,2560
4,1,inner_train,head_resonance,0,116,164,2560
4,1,inner_train,head_resonance,1,604,164,2560
4,1,inner_train,head_resonance,2,1467,164,2560
4,1,inner_train,head_resonance,3,373,164,2560
4,1,inner_train,front_placement,0,2103,164,2560
4,1,inner_train,front_placement,1,270,164,2560
4,1,inner_train,front_placement,2,187,164,2560
4,1,inner_train,back_placement,0,2022,164,2560
4,1,inner_train,back_placement,1,443,164,2560
4,1,inner_train,back_placement,2,95,164,2560
4,1,inner_train,open_throat,0,1727,164,2560
4,1,inner_train,open_throat,1,562,164,2560
4,1,inner_train,open_throat,2,223,164,2560
4,1,inner_train,open_throat,3,48,164,2560
4,1,inner_train,breathiness,0,2233,164,2560
4,1,inner_train,breathiness,1,327,164,2560
4,1,inner_train,vibrato,0,721,164,2560
4,1,inner_train,vibrato,1,1741,164,2560
4,1,inner_train,vibrato,2,98,164,2560
4,1,inner_dev,chest_resonance,0,22,42,634
4,1,inner_dev,chest_resonance,1,152,42,634
4,1,inner_dev,chest_resonance,2,386,42,634
4,1,inner_dev,chest_resonance,3,74,42,634
4,1,inner_dev,head_resonance,0,29,42,634
4,1,inner_dev,head_resonance,1,154,42,634
4,1,inner_dev,head_resonance,2,354,42,634
4,1,inner_dev,head_resonance,3,97,42,634
4,1,inner_dev,front_placement,0,527,42,634
4,1,inner_dev,front_placement,1,42,42,634
4,1,inner_dev,front_placement,2,65,42,634
4,1,inner_dev,back_placement,0,502,42,634
4,1,inner_dev,back_placement,1,109,42,634
4,1,inner_dev,back_placement,2,23,42,634
4,1,inner_dev,open_throat,0,461,42,634
4,1,inner_dev,open_throat,1,115,42,634
4,1,inner_dev,open_throat,2,52,42,634
4,1,inner_dev,open_throat,3,6,42,634
4,1,inner_dev,breathiness,0,567,42,634
4,1,inner_dev,breathiness,1,67,42,634
4,1,inner_dev,vibrato,0,195,42,634
4,1,inner_dev,vibrato,1,425,42,634
4,1,inner_dev,vibrato,2,14,42,634
4,1,outer_test,chest_resonance,0,0,21,262
4,1,outer_test,chest_resonance,1,15,21,262
4,1,outer_test,chest_resonance,2,190,21,262
4,1,outer_test,chest_resonance,3,57,21,262
4,1,outer_test,head_resonance,0,0,21,262
4,1,outer_test,head_resonance,1,15,21,262
4,1,outer_test,head_resonance,2,191,21,262
4,1,outer_test,head_resonance,3,56,21,262
4,1,outer_test,front_placement,0,175,21,262
4,1,outer_test,front_placement,1,71,21,262
4,1,outer_test,front_placement,2,16,21,262
4,1,outer_test,back_placement,0,173,21,262
4,1,outer_test,back_placement,1,79,21,262
4,1,outer_test,back_placement,2,10,21,262
4,1,outer_test,open_throat,0,214,21,262
4,1,outer_test,open_throat,1,32,21,262
4,1,outer_test,open_throat,2,16,21,262
4,1,outer_test,open_throat,3,0,21,262
4,1,outer_test,breathiness,0,261,21,262
4,1,outer_test,breathiness,1,1,21,262
4,1,outer_test,vibrato,0,1,21,262
4,1,outer_test,vibrato,1,258,21,262
4,1,outer_test,vibrato,2,3,21,262
4,2,inner_train,chest_resonance,0,92,164,2568
4,2,inner_train,chest_resonance,1,593,164,2568
4,2,inner_train,chest_resonance,2,1534,164,2568
4,2,inner_train,chest_resonance,3,349,164,2568
4,2,inner_train,head_resonance,0,114,164,2568
4,2,inner_train,head_resonance,1,631,164,2568
4,2,inner_train,head_resonance,2,1462,164,2568
4,2,inner_train,head_resonance,3,361,164,2568
4,2,inner_train,front_placement,0,2102,164,2568
4,2,inner_train,front_placement,1,255,164,2568
4,2,inner_train,front_placement,2,211,164,2568
4,2,inner_train,back_placement,0,2024,164,2568
4,2,inner_train,back_placement,1,448,164,2568
4,2,inner_train,back_placement,2,96,164,2568
4,2,inner_train,open_throat,0,1758,164,2568
4,2,inner_train,open_throat,1,546,164,2568
4,2,inner_train,open_throat,2,221,164,2568
4,2,inner_train,open_throat,3,43,164,2568
4,2,inner_train,breathiness,0,2257,164,2568
4,2,inner_train,breathiness,1,311,164,2568
4,2,inner_train,vibrato,0,723,164,2568
4,2,inner_train,vibrato,1,1761,164,2568
4,2,inner_train,vibrato,2,84,164,2568
4,2,inner_dev,chest_resonance,0,20,42,626
4,2,inner_dev,chest_resonance,1,150,42,626
4,2,inner_dev,chest_resonance,2,372,42,626
4,2,inner_dev,chest_resonance,3,84,42,626
4,2,inner_dev,head_resonance,0,31,42,626
4,2,inner_dev,head_resonance,1,127,42,626
4,2,inner_dev,head_resonance,2,359,42,626
4,2,inner_dev,head_resonance,3,109,42,626
4,2,inner_dev,front_placement,0,528,42,626
4,2,inner_dev,front_placement,1,57,42,626
4,2,inner_dev,front_placement,2,41,42,626
4,2,inner_dev,back_placement,0,500,42,626
4,2,inner_dev,back_placement,1,104,42,626
4,2,inner_dev,back_placement,2,22,42,626
4,2,inner_dev,open_throat,0,430,42,626
4,2,inner_dev,open_throat,1,131,42,626
4,2,inner_dev,open_throat,2,54,42,626
4,2,inner_dev,open_throat,3,11,42,626
4,2,inner_dev,breathiness,0,543,42,626
4,2,inner_dev,breathiness,1,83,42,626
4,2,inner_dev,vibrato,0,193,42,626
4,2,inner_dev,vibrato,1,405,42,626
4,2,inner_dev,vibrato,2,28,42,626
4,2,outer_test,chest_resonance,0,0,21,262
4,2,outer_test,chest_resonance,1,15,21,262
4,2,outer_test,chest_resonance,2,190,21,262
4,2,outer_test,chest_resonance,3,57,21,262
4,2,outer_test,head_resonance,0,0,21,262
4,2,outer_test,head_resonance,1,15,21,262
4,2,outer_test,head_resonance,2,191,21,262
4,2,outer_test,head_resonance,3,56,21,262
4,2,outer_test,front_placement,0,175,21,262
4,2,outer_test,front_placement,1,71,21,262
4,2,outer_test,front_placement,2,16,21,262
4,2,outer_test,back_placement,0,173,21,262
4,2,outer_test,back_placement,1,79,21,262
4,2,outer_test,back_placement,2,10,21,262
4,2,outer_test,open_throat,0,214,21,262
4,2,outer_test,open_throat,1,32,21,262
4,2,outer_test,open_throat,2,16,21,262
4,2,outer_test,open_throat,3,0,21,262
4,2,outer_test,breathiness,0,261,21,262
4,2,outer_test,breathiness,1,1,21,262
4,2,outer_test,vibrato,0,1,21,262
4,2,outer_test,vibrato,1,258,21,262
4,2,outer_test,vibrato,2,3,21,262
4,3,inner_train,chest_resonance,0,73,164,2564
4,3,inner_train,chest_resonance,1,614,164,2564
4,3,inner_train,chest_resonance,2,1537,164,2564
4,3,inner_train,chest_resonance,3,340,164,2564
4,3,inner_train,head_resonance,0,123,164,2564
4,3,inner_train,head_resonance,1,608,164,2564
4,3,inner_train,head_resonance,2,1468,164,2564
4,3,inner_train,head_resonance,3,365,164,2564
4,3,inner_train,front_placement,0,2120,164,2564
4,3,inner_train,front_placement,1,248,164,2564
4,3,inner_train,front_placement,2,196,164,2564
4,3,inner_train,back_placement,0,2036,164,2564
4,3,inner_train,back_placement,1,435,164,2564
4,3,inner_train,back_placement,2,93,164,2564
4,3,inner_train,open_throat,0,1744,164,2564
4,3,inner_train,open_throat,1,555,164,2564
4,3,inner_train,open_throat,2,221,164,2564
4,3,inner_train,open_throat,3,44,164,2564
4,3,inner_train,breathiness,0,2255,164,2564
4,3,inner_train,breathiness,1,309,164,2564
4,3,inner_train,vibrato,0,742,164,2564
4,3,inner_train,vibrato,1,1741,164,2564
4,3,inner_train,vibrato,2,81,164,2564
4,3,inner_dev,chest_resonance,0,39,42,630
4,3,inner_dev,chest_resonance,1,129,42,630
4,3,inner_dev,chest_resonance,2,369,42,630
4,3,inner_dev,chest_resonance,3,93,42,630
4,3,inner_dev,head_resonance,0,22,42,630
4,3,inner_dev,head_resonance,1,150,42,630
4,3,inner_dev,head_resonance,2,353,42,630
4,3,inner_dev,head_resonance,3,105,42,630
4,3,inner_dev,front_placement,0,510,42,630
4,3,inner_dev,front_placement,1,64,42,630
4,3,inner_dev,front_placement,2,56,42,630
4,3,inner_dev,back_placement,0,488,42,630
4,3,inner_dev,back_placement,1,117,42,630
4,3,inner_dev,back_placement,2,25,42,630
4,3,inner_dev,open_throat,0,444,42,630
4,3,inner_dev,open_throat,1,122,42,630
4,3,inner_dev,open_throat,2,54,42,630
4,3,inner_dev,open_throat,3,10,42,630
4,3,inner_dev,breathiness,0,545,42,630
4,3,inner_dev,breathiness,1,85,42,630
4,3,inner_dev,vibrato,0,174,42,630
4,3,inner_dev,vibrato,1,425,42,630
4,3,inner_dev,vibrato,2,31,42,630
4,3,outer_test,chest_resonance,0,0,21,262
4,3,outer_test,chest_resonance,1,15,21,262
4,3,outer_test,chest_resonance,2,190,21,262
4,3,outer_test,chest_resonance,3,57,21,262
4,3,outer_test,head_resonance,0,0,21,262
4,3,outer_test,head_resonance,1,15,21,262
4,3,outer_test,head_resonance,2,191,21,262
4,3,outer_test,head_resonance,3,56,21,262
4,3,outer_test,front_placement,0,175,21,262
4,3,outer_test,front_placement,1,71,21,262
4,3,outer_test,front_placement,2,16,21,262
4,3,outer_test,back_placement,0,173,21,262
4,3,outer_test,back_placement,1,79,21,262
4,3,outer_test,back_placement,2,10,21,262
4,3,outer_test,open_throat,0,214,21,262
4,3,outer_test,open_throat,1,32,21,262
4,3,outer_test,open_throat,2,16,21,262
4,3,outer_test,open_throat,3,0,21,262
4,3,outer_test,breathiness,0,261,21,262
4,3,outer_test,breathiness,1,1,21,262
4,3,outer_test,vibrato,0,1,21,262
4,3,outer_test,vibrato,1,258,21,262
4,3,outer_test,vibrato,2,3,21,262
4,4,inner_train,chest_resonance,0,89,164,2551
4,4,inner_train,chest_resonance,1,592,164,2551
4,4,inner_train,chest_resonance,2,1517,164,2551
4,4,inner_train,chest_resonance,3,353,164,2551
4,4,inner_train,head_resonance,0,112,164,2551
4,4,inner_train,head_resonance,1,626,164,2551
4,4,inner_train,head_resonance,2,1449,164,2551
4,4,inner_train,head_resonance,3,364,164,2551
4,4,inner_train,front_placement,0,2104,164,2551
4,4,inner_train,front_placement,1,248,164,2551
4,4,inner_train,front_placement,2,199,164,2551
4,4,inner_train,back_placement,0,2019,164,2551
4,4,inner_train,back_placement,1,440,164,2551
4,4,inner_train,back_placement,2,92,164,2551
4,4,inner_train,open_throat,0,1747,164,2551
4,4,inner_train,open_throat,1,543,164,2551
4,4,inner_train,open_throat,2,217,164,2551
4,4,inner_train,open_throat,3,44,164,2551
4,4,inner_train,breathiness,0,2239,164,2551
4,4,inner_train,breathiness,1,312,164,2551
4,4,inner_train,vibrato,0,707,164,2551
4,4,inner_train,vibrato,1,1751,164,2551
4,4,inner_train,vibrato,2,93,164,2551
4,4,inner_dev,chest_resonance,0,23,42,643
4,4,inner_dev,chest_resonance,1,151,42,643
4,4,inner_dev,chest_resonance,2,389,42,643
4,4,inner_dev,chest_resonance,3,80,42,643
4,4,inner_dev,head_resonance,0,33,42,643
4,4,inner_dev,head_resonance,1,132,42,643
4,4,inner_dev,head_resonance,2,372,42,643
4,4,inner_dev,head_resonance,3,106,42,643
4,4,inner_dev,front_placement,0,526,42,643
4,4,inner_dev,front_placement,1,64,42,643
4,4,inner_dev,front_placement,2,53,42,643
4,4,inner_dev,back_placement,0,505,42,643
4,4,inner_dev,back_placement,1,112,42,643
4,4,inner_dev,back_placement,2,26,42,643
4,4,inner_dev,open_throat,0,441,42,643
4,4,inner_dev,open_throat,1,134,42,643
4,4,inner_dev,open_throat,2,58,42,643
4,4,inner_dev,open_throat,3,10,42,643
4,4,inner_dev,breathiness,0,561,42,643
4,4,inner_dev,breathiness,1,82,42,643
4,4,inner_dev,vibrato,0,209,42,643
4,4,inner_dev,vibrato,1,415,42,643
4,4,inner_dev,vibrato,2,19,42,643
4,4,outer_test,chest_resonance,0,0,21,262
4,4,outer_test,chest_resonance,1,15,21,262
4,4,outer_test,chest_resonance,2,190,21,262
4,4,outer_test,chest_resonance,3,57,21,262
4,4,outer_test,head_resonance,0,0,21,262
4,4,outer_test,head_resonance,1,15,21,262
4,4,outer_test,head_resonance,2,191,21,262
4,4,outer_test,head_resonance,3,56,21,262
4,4,outer_test,front_placement,0,175,21,262
4,4,outer_test,front_placement,1,71,21,262
4,4,outer_test,front_placement,2,16,21,262
4,4,outer_test,back_placement,0,173,21,262
4,4,outer_test,back_placement,1,79,21,262
4,4,outer_test,back_placement,2,10,21,262
4,4,outer_test,open_throat,0,214,21,262
4,4,outer_test,open_throat,1,32,21,262
4,4,outer_test,open_throat,2,16,21,262
4,4,outer_test,open_throat,3,0,21,262
4,4,outer_test,breathiness,0,261,21,262
4,4,outer_test,breathiness,1,1,21,262
4,4,outer_test,vibrato,0,1,21,262
4,4,outer_test,vibrato,1,258,21,262
4,4,outer_test,vibrato,2,3,21,262
5,0,inner_train,chest_resonance,0,90,165,2567
5,0,inner_train,chest_resonance,1,594,165,2567
5,0,inner_train,chest_resonance,2,1512,165,2567
5,0,inner_train,chest_resonance,3,371,165,2567
5,0,inner_train,head_resonance,0,120,165,2567
5,0,inner_train,head_resonance,1,558,165,2567
5,0,inner_train,head_resonance,2,1488,165,2567
5,0,inner_train,head_resonance,3,401,165,2567
5,0,inner_train,front_placement,0,2067,165,2567
5,0,inner_train,front_placement,1,293,165,2567
5,0,inner_train,front_placement,2,207,165,2567
5,0,inner_train,back_placement,0,2015,165,2567
5,0,inner_train,back_placement,1,454,165,2567
5,0,inner_train,back_placement,2,98,165,2567
5,0,inner_train,open_throat,0,1806,165,2567
5,0,inner_train,open_throat,1,495,165,2567
5,0,inner_train,open_throat,2,225,165,2567
5,0,inner_train,open_throat,3,41,165,2567
5,0,inner_train,breathiness,0,2272,165,2567
5,0,inner_train,breathiness,1,295,165,2567
5,0,inner_train,vibrato,0,716,165,2567
5,0,inner_train,vibrato,1,1761,165,2567
5,0,inner_train,vibrato,2,90,165,2567
5,0,inner_dev,chest_resonance,0,22,42,664
5,0,inner_dev,chest_resonance,1,134,42,664
5,0,inner_dev,chest_resonance,2,402,42,664
5,0,inner_dev,chest_resonance,3,106,42,664
5,0,inner_dev,head_resonance,0,25,42,664
5,0,inner_dev,head_resonance,1,143,42,664
5,0,inner_dev,head_resonance,2,376,42,664
5,0,inner_dev,head_resonance,3,120,42,664
5,0,inner_dev,front_placement,0,516,42,664
5,0,inner_dev,front_placement,1,87,42,664
5,0,inner_dev,front_placement,2,61,42,664
5,0,inner_dev,back_placement,0,529,42,664
5,0,inner_dev,back_placement,1,105,42,664
5,0,inner_dev,back_placement,2,30,42,664
5,0,inner_dev,open_throat,0,462,42,664
5,0,inner_dev,open_throat,1,131,42,664
5,0,inner_dev,open_throat,2,58,42,664
5,0,inner_dev,open_throat,3,13,42,664
5,0,inner_dev,breathiness,0,567,42,664
5,0,inner_dev,breathiness,1,97,42,664
5,0,inner_dev,vibrato,0,196,42,664
5,0,inner_dev,vibrato,1,454,42,664
5,0,inner_dev,vibrato,2,14,42,664
5,0,outer_test,chest_resonance,0,0,20,225
5,0,outer_test,chest_resonance,1,30,20,225
5,0,outer_test,chest_resonance,2,182,20,225
5,0,outer_test,chest_resonance,3,13,20,225
5,0,outer_test,head_resonance,0,0,20,225
5,0,outer_test,head_resonance,1,72,20,225
5,0,outer_test,head_resonance,2,148,20,225
5,0,outer_test,head_resonance,3,5,20,225
5,0,outer_test,front_placement,0,222,20,225
5,0,outer_test,front_placement,1,3,20,225
5,0,outer_test,front_placement,2,0,20,225
5,0,outer_test,back_placement,0,153,20,225
5,0,outer_test,back_placement,1,72,20,225
5,0,outer_test,back_placement,2,0,20,225
5,0,outer_test,open_throat,0,134,20,225
5,0,outer_test,open_throat,1,83,20,225
5,0,outer_test,open_throat,2,8,20,225
5,0,outer_test,open_throat,3,0,20,225
5,0,outer_test,breathiness,0,222,20,225
5,0,outer_test,breathiness,1,3,20,225
5,0,outer_test,vibrato,0,5,20,225
5,0,outer_test,vibrato,1,209,20,225
5,0,outer_test,vibrato,2,11,20,225
5,1,inner_train,chest_resonance,0,81,165,2564
5,1,inner_train,chest_resonance,1,580,165,2564
5,1,inner_train,chest_resonance,2,1527,165,2564
5,1,inner_train,chest_resonance,3,376,165,2564
5,1,inner_train,head_resonance,0,122,165,2564
5,1,inner_train,head_resonance,1,552,165,2564
5,1,inner_train,head_resonance,2,1478,165,2564
5,1,inner_train,head_resonance,3,412,165,2564
5,1,inner_train,front_placement,0,2048,165,2564
5,1,inner_train,front_placement,1,317,165,2564
5,1,inner_train,front_placement,2,199,165,2564
5,1,inner_train,back_placement,0,2012,165,2564
5,1,inner_train,back_placement,1,444,165,2564
5,1,inner_train,back_placement,2,108,165,2564
5,1,inner_train,open_throat,0,1807,165,2564
5,1,inner_train,open_throat,1,498,165,2564
5,1,inner_train,open_throat,2,214,165,2564
5,1,inner_train,open_throat,3,45,165,2564
5,1,inner_train,breathiness,0,2268,165,2564
5,1,inner_train,breathiness,1,296,165,2564
5,1,inner_train,vibrato,0,724,165,2564
5,1,inner_train,vibrato,1,1763,165,2564
5,1,inner_train,vibrato,2,77,165,2564
5,1,inner_dev,chest_resonance,0,31,42,667
5,1,inner_dev,chest_resonance,1,148,42,667
5,1,inner_dev,chest_resonance,2,387,42,667
5,1,inner_dev,chest_resonance,3,101,42,667
5,1,inner_dev,head_resonance,0,23,42,667
5,1,inner_dev,head_resonance,1,149,42,667
5,1,inner_dev,head_resonance,2,386,42,667
5,1,inner_dev,head_resonance,3,109,42,667
5,1,inner_dev,front_placement,0,535,42,667
5,1,inner_dev,front_placement,1,63,42,667
5,1,inner_dev,front_placement,2,69,42,667
5,1,inner_dev,back_placement,0,532,42,667
5,1,inner_dev,back_placement,1,115,42,667
5,1,inner_dev,back_placement,2,20,42,667
5,1,inner_dev,open_throat,0,461,42,667
5,1,inner_dev,open_throat,1,128,42,667
5,1,inner_dev,open_throat,2,69,42,667
5,1,inner_dev,open_throat,3,9,42,667
5,1,inner_dev,breathiness,0,571,42,667
5,1,inner_dev,breathiness,1,96,42,667
5,1,inner_dev,vibrato,0,188,42,667
5,1,inner_dev,vibrato,1,452,42,667
5,1,inner_dev,vibrato,2,27,42,667
5,1,outer_test,chest_resonance,0,0,20,225
5,1,outer_test,chest_resonance,1,30,20,225
5,1,outer_test,chest_resonance,2,182,20,225
5,1,outer_test,chest_resonance,3,13,20,225
5,1,outer_test,head_resonance,0,0,20,225
5,1,outer_test,head_resonance,1,72,20,225
5,1,outer_test,head_resonance,2,148,20,225
5,1,outer_test,head_resonance,3,5,20,225
5,1,outer_test,front_placement,0,222,20,225
5,1,outer_test,front_placement,1,3,20,225
5,1,outer_test,front_placement,2,0,20,225
5,1,outer_test,back_placement,0,153,20,225
5,1,outer_test,back_placement,1,72,20,225
5,1,outer_test,back_placement,2,0,20,225
5,1,outer_test,open_throat,0,134,20,225
5,1,outer_test,open_throat,1,83,20,225
5,1,outer_test,open_throat,2,8,20,225
5,1,outer_test,open_throat,3,0,20,225
5,1,outer_test,breathiness,0,222,20,225
5,1,outer_test,breathiness,1,3,20,225
5,1,outer_test,vibrato,0,5,20,225
5,1,outer_test,vibrato,1,209,20,225
5,1,outer_test,vibrato,2,11,20,225
5,2,inner_train,chest_resonance,0,94,165,2567
5,2,inner_train,chest_resonance,1,577,165,2567
5,2,inner_train,chest_resonance,2,1521,165,2567
5,2,inner_train,chest_resonance,3,375,165,2567
5,2,inner_train,head_resonance,0,110,165,2567
5,2,inner_train,head_resonance,1,562,165,2567
5,2,inner_train,head_resonance,2,1459,165,2567
5,2,inner_train,head_resonance,3,436,165,2567
5,2,inner_train,front_placement,0,2061,165,2567
5,2,inner_train,front_placement,1,279,165,2567
5,2,inner_train,front_placement,2,227,165,2567
5,2,inner_train,back_placement,0,2010,165,2567
5,2,inner_train,back_placement,1,450,165,2567
5,2,inner_train,back_placement,2,107,165,2567
5,2,inner_train,open_throat,0,1801,165,2567
5,2,inner_train,open_throat,1,490,165,2567
5,2,inner_train,open_throat,2,230,165,2567
5,2,inner_train,open_throat,3,46,165,2567
5,2,inner_train,breathiness,0,2254,165,2567
5,2,inner_train,breathiness,1,313,165,2567
5,2,inner_train,vibrato,0,735,165,2567
5,2,inner_train,vibrato,1,1752,165,2567
5,2,inner_train,vibrato,2,80,165,2567
5,2,inner_dev,chest_resonance,0,18,42,664
5,2,inner_dev,chest_resonance,1,151,42,664
5,2,inner_dev,chest_resonance,2,393,42,664
5,2,inner_dev,chest_resonance,3,102,42,664
5,2,inner_dev,head_resonance,0,35,42,664
5,2,inner_dev,head_resonance,1,139,42,664
5,2,inner_dev,head_resonance,2,405,42,664
5,2,inner_dev,head_resonance,3,85,42,664
5,2,inner_dev,front_placement,0,522,42,664
5,2,inner_dev,front_placement,1,101,42,664
5,2,inner_dev,front_placement,2,41,42,664
5,2,inner_dev,back_placement,0,534,42,664
5,2,inner_dev,back_placement,1,109,42,664
5,2,inner_dev,back_placement,2,21,42,664
5,2,inner_dev,open_throat,0,467,42,664
5,2,inner_dev,open_throat,1,136,42,664
5,2,inner_dev,open_throat,2,53,42,664
5,2,inner_dev,open_throat,3,8,42,664
5,2,inner_dev,breathiness,0,585,42,664
5,2,inner_dev,breathiness,1,79,42,664
5,2,inner_dev,vibrato,0,177,42,664
5,2,inner_dev,vibrato,1,463,42,664
5,2,inner_dev,vibrato,2,24,42,664
5,2,outer_test,chest_resonance,0,0,20,225
5,2,outer_test,chest_resonance,1,30,20,225
5,2,outer_test,chest_resonance,2,182,20,225
5,2,outer_test,chest_resonance,3,13,20,225
5,2,outer_test,head_resonance,0,0,20,225
5,2,outer_test,head_resonance,1,72,20,225
5,2,outer_test,head_resonance,2,148,20,225
5,2,outer_test,head_resonance,3,5,20,225
5,2,outer_test,front_placement,0,222,20,225
5,2,outer_test,front_placement,1,3,20,225
5,2,outer_test,front_placement,2,0,20,225
5,2,outer_test,back_placement,0,153,20,225
5,2,outer_test,back_placement,1,72,20,225
5,2,outer_test,back_placement,2,0,20,225
5,2,outer_test,open_throat,0,134,20,225
5,2,outer_test,open_throat,1,83,20,225
5,2,outer_test,open_throat,2,8,20,225
5,2,outer_test,open_throat,3,0,20,225
5,2,outer_test,breathiness,0,222,20,225
5,2,outer_test,breathiness,1,3,20,225
5,2,outer_test,vibrato,0,5,20,225
5,2,outer_test,vibrato,1,209,20,225
5,2,outer_test,vibrato,2,11,20,225
5,3,inner_train,chest_resonance,0,91,165,2573
5,3,inner_train,chest_resonance,1,567,165,2573
5,3,inner_train,chest_resonance,2,1542,165,2573
5,3,inner_train,chest_resonance,3,373,165,2573
5,3,inner_train,head_resonance,0,133,165,2573
5,3,inner_train,head_resonance,1,563,165,2573
5,3,inner_train,head_resonance,2,1470,165,2573
5,3,inner_train,head_resonance,3,407,165,2573
5,3,inner_train,front_placement,0,2062,165,2573
5,3,inner_train,front_placement,1,305,165,2573
5,3,inner_train,front_placement,2,206,165,2573
5,3,inner_train,back_placement,0,2031,165,2573
5,3,inner_train,back_placement,1,443,165,2573
5,3,inner_train,back_placement,2,99,165,2573
5,3,inner_train,open_throat,0,1809,165,2573
5,3,inner_train,open_throat,1,500,165,2573
5,3,inner_train,open_throat,2,227,165,2573
5,3,inner_train,open_throat,3,37,165,2573
5,3,inner_train,breathiness,0,2253,165,2573
5,3,inner_train,breathiness,1,320,165,2573
5,3,inner_train,vibrato,0,714,165,2573
5,3,inner_train,vibrato,1,1765,165,2573
5,3,inner_train,vibrato,2,94,165,2573
5,3,inner_dev,chest_resonance,0,21,42,658
5,3,inner_dev,chest_resonance,1,161,42,658
5,3,inner_dev,chest_resonance,2,372,42,658
5,3,inner_dev,chest_resonance,3,104,42,658
5,3,inner_dev,head_resonance,0,12,42,658
5,3,inner_dev,head_resonance,1,138,42,658
5,3,inner_dev,head_resonance,2,394,42,658
5,3,inner_dev,head_resonance,3,114,42,658
5,3,inner_dev,front_placement,0,521,42,658
5,3,inner_dev,front_placement,1,75,42,658
5,3,inner_dev,front_placement,2,62,42,658
5,3,inner_dev,back_placement,0,513,42,658
5,3,inner_dev,back_placement,1,116,42,658
5,3,inner_dev,back_placement,2,29,42,658
5,3,inner_dev,open_throat,0,459,42,658
5,3,inner_dev,open_throat,1,126,42,658
5,3,inner_dev,open_throat,2,56,42,658
5,3,inner_dev,open_throat,3,17,42,658
5,3,inner_dev,breathiness,0,586,42,658
5,3,inner_dev,breathiness,1,72,42,658
5,3,inner_dev,vibrato,0,198,42,658
5,3,inner_dev,vibrato,1,450,42,658
5,3,inner_dev,vibrato,2,10,42,658
5,3,outer_test,chest_resonance,0,0,20,225
5,3,outer_test,chest_resonance,1,30,20,225
5,3,outer_test,chest_resonance,2,182,20,225
5,3,outer_test,chest_resonance,3,13,20,225
5,3,outer_test,head_resonance,0,0,20,225
5,3,outer_test,head_resonance,1,72,20,225
5,3,outer_test,head_resonance,2,148,20,225
5,3,outer_test,head_resonance,3,5,20,225
5,3,outer_test,front_placement,0,222,20,225
5,3,outer_test,front_placement,1,3,20,225
5,3,outer_test,front_placement,2,0,20,225
5,3,outer_test,back_placement,0,153,20,225
5,3,outer_test,back_placement,1,72,20,225
5,3,outer_test,back_placement,2,0,20,225
5,3,outer_test,open_throat,0,134,20,225
5,3,outer_test,open_throat,1,83,20,225
5,3,outer_test,open_throat,2,8,20,225
5,3,outer_test,open_throat,3,0,20,225
5,3,outer_test,breathiness,0,222,20,225
5,3,outer_test,breathiness,1,3,20,225
5,3,outer_test,vibrato,0,5,20,225
5,3,outer_test,vibrato,1,209,20,225
5,3,outer_test,vibrato,2,11,20,225
5,4,inner_train,chest_resonance,0,82,165,2558
5,4,inner_train,chest_resonance,1,574,165,2558
5,4,inner_train,chest_resonance,2,1517,165,2558
5,4,inner_train,chest_resonance,3,385,165,2558
5,4,inner_train,head_resonance,0,114,165,2558
5,4,inner_train,head_resonance,1,559,165,2558
5,4,inner_train,head_resonance,2,1478,165,2558
5,4,inner_train,head_resonance,3,407,165,2558
5,4,inner_train,front_placement,0,2047,165,2558
5,4,inner_train,front_placement,1,298,165,2558
5,4,inner_train,front_placement,2,213,165,2558
5,4,inner_train,back_placement,0,2009,165,2558
5,4,inner_train,back_placement,1,449,165,2558
5,4,inner_train,back_placement,2,100,165,2558
5,4,inner_train,open_throat,0,1784,165,2558
5,4,inner_train,open_throat,1,486,165,2558
5,4,inner_train,open_throat,2,241,165,2558
5,4,inner_train,open_throat,3,47,165,2558
5,4,inner_train,breathiness,0,2250,165,2558
5,4,inner_train,breathiness,1,308,165,2558
5,4,inner_train,vibrato,0,718,165,2558
5,4,inner_train,vibrato,1,1743,165,2558
5,4,inner_train,vibrato,2,97,165,2558
5,4,inner_dev,chest_resonance,0,30,42,673
5,4,inner_dev,chest_resonance,1,154,42,673
5,4,inner_dev,chest_resonance,2,397,42,673
5,4,inner_dev,chest_resonance,3,92,42,673
5,4,inner_dev,head_resonance,0,31,42,673
5,4,inner_dev,head_resonance,1,142,42,673
5,4,inner_dev,head_resonance,2,386,42,673
5,4,inner_dev,head_resonance,3,114,42,673
5,4,inner_dev,front_placement,0,536,42,673
5,4,inner_dev,front_placement,1,82,42,673
5,4,inner_dev,front_placement,2,55,42,673
5,4,inner_dev,back_placement,0,535,42,673
5,4,inner_dev,back_placement,1,110,42,673
5,4,inner_dev,back_placement,2,28,42,673
5,4,inner_dev,open_throat,0,484,42,673
5,4,inner_dev,open_throat,1,140,42,673
5,4,inner_dev,open_throat,2,42,42,673
5,4,inner_dev,open_throat,3,7,42,673
5,4,inner_dev,breathiness,0,589,42,673
5,4,inner_dev,breathiness,1,84,42,673
5,4,inner_dev,vibrato,0,194,42,673
5,4,inner_dev,vibrato,1,472,42,673
5,4,inner_dev,vibrato,2,7,42,673
5,4,outer_test,chest_resonance,0,0,20,225
5,4,outer_test,chest_resonance,1,30,20,225
5,4,outer_test,chest_resonance,2,182,20,225
5,4,outer_test,chest_resonance,3,13,20,225
5,4,outer_test,head_resonance,0,0,20,225
5,4,outer_test,head_resonance,1,72,20,225
5,4,outer_test,head_resonance,2,148,20,225
5,4,outer_test,head_resonance,3,5,20,225
5,4,outer_test,front_placement,0,222,20,225
5,4,outer_test,front_placement,1,3,20,225
5,4,outer_test,front_placement,2,0,20,225
5,4,outer_test,back_placement,0,153,20,225
5,4,outer_test,back_placement,1,72,20,225
5,4,outer_test,back_placement,2,0,20,225
5,4,outer_test,open_throat,0,134,20,225
5,4,outer_test,open_throat,1,83,20,225
5,4,outer_test,open_throat,2,8,20,225
5,4,outer_test,open_throat,3,0,20,225
5,4,outer_test,breathiness,0,222,20,225
5,4,outer_test,breathiness,1,3,20,225
5,4,outer_test,vibrato,0,5,20,225
5,4,outer_test,vibrato,1,209,20,225
5,4,outer_test,vibrato,2,11,20,225
